"Баг, хороо","Баг, хорооны код",Малын төрөл,1970,1971,1972,1973,1974,1975,1976,1977,1978,1979,1980,1981,1982,1983,1984,1985,1986,1987,1988,1989,1990,1991,1992,1993,1994,1995,1996,1997,1998,1999,2000,2001,2002,2003,2004,2005,2006,2007,2008,2009,2010,2011,2012,2013,2014,2015,2016,2017,2018,2019,2020
    Зүүн бүс,4,Бүгд,3309.67,3247.58,3273.63,3392.12,3537.95,3572.5,3421.7,3373.48,3603.89,3708.4,3450.67,3708.81,3592.64,3302.21,3244.97,3200.17,3150.89,3066.65,3153.77,3343.74,3439.95,3305.06,3253.47,2542.95,2841.24,2707.87,2785.51,3044.25,3412.6,3724.6,3790.01,3579.94,3719.95,3918.24,3973.18,4191.36,4642.12,5199.66,5155.67,5491.54,5273.76,5610.28,6098.221,6586.9,7480.454,8176.87,8656.917,9995.535,10739.501,11314.993,11311.194
    Зүүн бүс,4,Адуу,398.76,395.29,374.89,380.65,393.36,402.95,393.51,370.89,370.57,380.19,336.87,352.91,345.82,334.59,341.46,337.87,341.19,343.27,350.62,356.11,352.67,350.48,351.4,300.17,369.91,377.88,389.14,416.98,447.96,486.57,490.51,467.06,474.16,487.16,478.28,477.51,487.3,487.91,407.51,407.84,428.07,465.42,506.992,559.539,628.307,704.122,780.441,878.361,925.057,944.643,976.923
    Зүүн бүс,4,Үхэр,372.55,382.44,380.37,389.67,423.5,438.21,441.03,439.47,468.51,474.11,442.91,459.74,440.64,418.07,416.95,412.39,418.97,418.03,408.5,435.36,455.38,447.78,454.93,365.51,449.31,452.72,453.36,491.18,534.62,586.58,570.3,388.04,384.07,391.42,375.27,373.28,397.88,414.96,380.18,399.48,393.47,412.06,453.603,503.909,578.229,648.684,681.088,779.948,847.806,927.195,960.733
    Зүүн бүс,4,Тэмээ,47.95,47.43,46.23,47.01,48,48.97,48.29,47.01,48.35,49.02,45.78,47.46,45.07,43.89,43.36,42.46,41.83,40.17,40.38,40.92,39.15,34.45,30.38,23.69,26.9,25.31,24.53,24.9,25.43,25.81,25.41,24.52,24.86,25.13,24.46,23.23,22.38,21.88,19.97,20.19,20.54,19.93,18.43,17.203,16.986,17.265,17.386,18.102,18.579,18.482,17.855
    Зүүн бүс,4,Хонь,2201.31,2147.88,2185.74,2270.33,2359.37,2353.24,2220.24,2194.81,2369.81,2448.04,2302.36,2486.57,2416.29,2193.68,2128.39,2092.52,2033.62,1963.47,2035,2146.78,2214.24,2107.79,2012.33,1482.08,1527.23,1336.02,1341.12,1445.51,1617.59,1799.79,1844.41,1781.75,1773.56,1788.5,1817.72,1948.17,2157.99,2395.99,2429.97,2643.45,2580.3,2693.88,2953.356,3218.359,3653.442,3995.823,4311.697,5029.344,5423.34,5688.452,5641.708
    Зүүн бүс,4,Ямаа,289.1,274.55,286.39,304.47,313.73,329.13,318.62,321.3,346.65,357.05,322.75,362.12,344.82,311.98,314.81,314.94,315.29,301.72,319.27,364.57,378.52,364.55,404.44,371.5,467.89,515.95,577.37,665.68,786.99,825.86,859.38,918.57,1063.31,1226.02,1277.45,1369.17,1576.33,1878.92,1918.05,2020.58,1851.38,2018.99,2165.84,2287.89,2603.49,2810.976,2866.305,3289.78,3524.719,3736.221,3713.975
            Дорнод,421,Бүгд,992.08,1015.15,975.29,1022.13,1072.72,1094.76,1028.17,1019.04,1091.9,1114.17,1036.94,1130.53,1102.91,990.64,929.68,930.09,876.07,887.56,897.23,923.69,936.65,888.91,802.13,712.72,650.32,591.39,594.17,657.19,735.66,811.75,826.17,794.09,825.38,843.81,887.9,978.52,1113.32,1307.29,1476.22,1450.73,1113.28,1149.76,1207.253,1220.143,1393.447,1555.425,1722.91,2057.808,2377.783,2629.622,2749.684
            Дорнод,421,Адуу,98.25,102.97,98.3,103.28,106.5,110.85,108.06,103.81,99.27,101,80.99,85.4,83.39,82.47,84.25,85.04,83.88,85.7,87.93,90.86,92,93.05,92.44,92.5,92.8,88.41,87.02,89.85,95.36,104,105.53,109.62,115.55,121.81,124.65,128.75,134.96,142.93,145.48,140.05,136.3,144.1,150.845,160.902,176.507,196.537,224.992,250.718,278.811,297.372,324.452
            Дорнод,421,Үхэр,96.82,101.71,101.15,107.94,119.08,122.19,122.1,122.13,128.34,130.95,125.27,131.2,123.17,113.94,112.15,112.16,113.23,115.32,115.35,121.27,126.1,123.98,123.31,117.64,114.98,111.69,111.11,121.83,132.85,146.19,142.72,100.05,99.7,101.05,98.53,99.81,106.44,117.51,123.81,126.81,107.84,109.68,119.737,124.696,142.503,163.65,175.55,207.861,243.14,277.423,305.105
            Дорнод,421,Тэмээ,15.62,15.87,15.47,16.23,16.63,17.31,17.06,17.21,17.3,17.49,15.72,16.64,16.01,16,15.32,14.89,14.36,14.19,14.32,14.37,13.33,11.82,9.85,8.56,7.67,6.83,6.24,6.08,6.1,6.01,5.92,6.01,6.22,6.3,6.36,6.34,6.04,6.28,6.31,6.37,5.97,5.56,5.007,4.714,4.635,4.908,5.183,5.579,6.063,6.301,6.217
            Дорнод,421,Хонь,726.62,737.18,706.96,738.09,767.8,780.09,724.6,714.46,785.53,801.81,760.68,838.5,824.95,729.78,672.48,673.86,624.91,631.24,638.28,652.94,661.22,617.46,529.8,443.25,376.26,319.36,314.01,343.64,385.16,432.06,438.45,425.73,418.51,406.9,424.01,469.88,527.29,611.4,688.61,704.09,550.79,555.36,584.778,592.993,673.347,745.322,831.357,1001.567,1147.685,1262.354,1303.06
            Дорнод,421,Ямаа,54.77,57.43,53.42,56.59,62.71,64.33,56.35,61.43,61.47,62.92,54.27,58.8,55.4,48.45,45.5,44.14,39.69,41.11,41.35,44.24,44,42.61,46.72,50.76,58.62,65.09,75.78,95.79,116.19,123.5,133.55,152.69,185.41,207.75,234.35,273.73,338.35,429.16,512.01,473.41,312.39,335.06,346.886,336.838,396.455,445.008,485.828,592.083,702.084,786.172,810.85
                Хэрлэн,42101,Бүгд,4.66,5.16,5.09,5.9,6.55,6.46,7.12,9.83,9.31,11.95,11.91,14.19,13.82,13,14.76,16.43,18.42,18.2,21.88,28.02,41.08,52.58,64.44,64.25,72.65,79.61,84.21,94.73,108.2,121.54,111.13,89.44,84.91,81.94,84.08,92.09,105.08,111.21,122.29,122.06,74.45,87.28,96.109,102.737,119.712,136.838,154.201,166.234,166.501,176.047,146.182
                Хэрлэн,42101,Адуу,2.36,2.52,2.52,2.89,3.39,3.16,3.75,4.37,3.87,4.09,3.87,4.11,4.13,4.4,4.53,5.08,5.2,5.26,5.61,6.32,6.88,7.54,8.53,8.66,8.87,9.8,9.88,9.73,11.48,14.45,12.93,12.18,10.74,12,11,11.06,10.44,9.47,9.67,9.87,8.92,11.05,11.541,13.811,15.989,18.852,22.836,24.05,22.82,24.048,20.384
                Хэрлэн,42101,Үхэр,1.96,2.25,2.2,2.46,2.78,2.95,3.03,3.05,3.15,3.33,3.27,3.28,3.63,3.79,3.94,4.59,5.59,5.21,5.43,6.92,9.02,11.18,13.81,14.06,15.37,17.57,17.9,19.77,21.96,25.69,22.53,10.97,9.95,10.98,10.17,9.74,10.66,10.41,10.9,11.77,8.3,9.34,10.815,13.051,15.555,18.638,20.938,22.667,24.026,27.123,25.295
                Хэрлэн,42101,Тэмээ,0.11,0.1,0.12,0.11,0.12,0.09,0.11,0.17,0.12,0.22,0.15,0.19,0.26,0.22,0.16,0.2,0.2,0.17,0.14,0.13,0.14,0.17,0.19,0.19,0.26,0.26,0.29,0.3,0.34,0.41,0.37,0.41,0.38,0.37,0.36,0.35,0.34,0.29,0.3,0.3,0.32,0.33,0.31,0.281,0.323,0.299,0.299,0.278,0.291,0.31,0.28
                Хэрлэн,42101,Хонь,0.21,0.24,0.21,0.27,0.2,0.19,0.17,2.17,2.08,4.01,4.37,6.17,5.55,4.32,5.75,6.25,6.94,7.04,9.98,13.88,24.03,32.07,39.07,38.22,43.9,45.93,47.83,52.95,59.17,64.06,57.57,47.53,42.12,35.62,36.11,40.08,45.23,47.01,51.18,56.47,34.07,39.07,44.032,46.749,54.08,60.763,67.819,72.474,71.714,74.141,57.296
                Хэрлэн,42101,Ямаа,0.03,0.05,0.05,0.17,0.06,0.07,0.07,0.06,0.09,0.3,0.25,0.44,0.25,0.28,0.38,0.3,0.5,0.52,0.73,0.75,1.01,1.62,2.85,3.12,4.25,6.05,8.31,11.99,15.25,16.94,17.72,18.35,21.73,22.98,26.44,30.87,38.42,44.04,50.24,43.65,22.85,27.49,29.411,28.845,33.765,38.286,42.309,46.765,47.65,50.425,42.927
                Баяндун,42104,Бүгд,68.65,70.34,66.54,69.38,69.71,72.81,69.84,68.26,67.96,67.4,68.85,75.11,75.58,74.01,73.79,72.68,74.85,75.03,73.47,74.91,78.22,72.67,63.69,56.9,56.22,46.06,46.84,53.16,58.39,68.04,67.72,66.51,70.43,75.06,80.36,90.36,102.64,116.02,134.18,137.53,102.22,113.09,111.491,112.719,127.842,134.88,151.178,175.802,201.168,220.678,223.752
                Баяндун,42104,Адуу,4.46,4.57,4.34,4.39,4.53,4.54,4.42,4.21,4.13,4.22,3.55,3.77,3.91,3.9,3.96,4.16,4.19,4.26,4.43,4.66,4.99,4.86,5.09,5.73,6.21,5.91,5.72,5.93,6.26,6.66,6.45,6.71,7.03,7.32,7.54,7.67,7.77,7.65,7.75,7.93,7.93,7.89,7.646,7.817,8.441,9.354,10.555,11.889,13.52,15.004,15.839
                Баяндун,42104,Үхэр,10.38,10.61,10.34,10.38,9.99,10.12,10.25,10.89,11.64,11.36,10.75,11.67,11.21,10.67,10.77,10.23,10.05,9.84,9.35,9.59,10.45,10.31,9.38,9,9.42,8.65,8.7,9.96,10.94,12.39,11.86,8.54,8.28,8.82,9.04,9.17,9.65,10.29,10.87,11.3,10.24,10.34,10.432,11.176,12.087,13.433,14.147,16.469,19.898,22.729,24.379
                Баяндун,42104,Тэмээ,0.82,0.81,0.77,0.79,0.83,0.83,0.8,0.79,0.81,0.79,0.74,0.75,0.74,0.71,0.72,0.75,0.74,0.75,0.67,0.71,0.67,0.58,0.54,0.5,0.47,0.44,0.39,0.38,0.35,0.32,0.29,0.26,0.27,0.25,0.25,0.26,0.25,0.24,0.23,0.21,0.18,0.15,0.145,0.179,0.156,0.163,0.198,0.212,0.24,0.332,0.34
                Баяндун,42104,Хонь,51.68,52.86,49.53,52.14,52.56,55.5,52.54,50.26,49.33,48.91,51.81,56.78,57.57,56.54,56.08,55.24,57.39,57.55,56.42,56.62,58.46,53.34,44.69,37.32,35.08,25.66,26.12,29.62,32.44,39.36,39.27,39.42,40.96,42.24,45.51,51.84,59.28,66.24,75.93,80.06,57.53,63.87,64.179,63.704,72.628,75.206,85.672,99.175,108.44,117.572,118.032
                Баяндун,42104,Ямаа,1.3,1.48,1.56,1.67,1.8,1.82,1.83,2.11,2.06,2.13,2,2.14,2.15,2.18,2.27,2.31,2.48,2.63,2.6,3.33,3.64,3.56,3.99,4.35,5.04,5.41,5.92,7.27,8.4,9.32,9.86,11.59,13.9,16.43,18.01,21.42,25.69,31.61,39.4,38.04,26.34,30.84,29.089,29.843,34.53,36.724,40.606,48.057,59.07,65.041,65.162
                Баянтүмэн,42107,Бүгд,53.44,55.25,49.31,51.07,53.86,51.83,48.21,51.06,57.02,58.38,58.28,62.06,55.14,53.18,47.38,51.15,45.26,46.2,46.44,49.22,46.79,45.68,41.22,37.83,30.8,27.92,29.42,30.31,33.02,35.22,35.15,43.46,51.2,45.12,56.56,63.21,74.2,100.75,115.33,111.76,77.89,78.02,82.942,84.69,94.812,112.277,127.24,158.985,191.253,205.636,226.258
                Баянтүмэн,42107,Адуу,6.81,6.45,6.06,6.32,6.93,6.76,6.46,5.82,5.42,5.71,5.26,5.62,4.46,3.98,3.94,4.04,3.76,3.92,4.15,4.38,4.17,3.97,4.27,4.99,5.22,4.9,5.1,5.15,5.24,5.49,5.39,6.36,7.22,6.87,7.72,7.72,8.76,11.21,11.45,11.39,10.84,11.35,12.457,13.449,15.39,18.177,20.989,25.055,27.839,29.691,34.667
                Баянтүмэн,42107,Үхэр,4.43,4.8,4.45,4.48,5.21,4.9,4.76,4.93,5.17,5.14,4.76,4.8,3.8,3.39,3.38,3.44,3.6,3.73,3.85,4.02,4.03,4.17,4.26,4.7,4.36,4.31,5.02,4.9,5.07,5.2,4.84,3.98,4.97,4.27,4.91,5.57,5.85,8.03,8.34,8.87,6.42,6.82,7.649,8.395,9.79,12.288,14.376,17.564,21.901,23.638,27.431
                Баянтүмэн,42107,Тэмээ,1.16,1.09,1.05,1.05,1.11,1.15,1.07,1.11,1.13,1.15,1.15,1.22,0.99,0.9,0.86,0.82,0.69,0.68,0.64,0.62,0.6,0.54,0.47,0.43,0.43,0.37,0.38,0.34,0.36,0.34,0.35,0.4,0.48,0.47,0.54,0.54,0.56,0.61,0.64,0.73,0.72,0.69,0.634,0.634,0.655,0.615,0.616,0.684,0.769,0.746,0.801
                Баянтүмэн,42107,Хонь,39.77,40.54,35.77,36.92,37.97,36.46,33.83,36.97,43.06,43.95,44.99,48.24,44.12,43.33,37.78,41.39,35.49,36.06,36.2,38.66,36.34,35.12,30.01,25.08,17.82,14.86,14.63,14.84,16.41,18.35,18.44,25.1,27.91,23.46,28.86,32.93,36.37,49.06,57.41,56.73,38.88,36.76,37.676,39.31,42.294,48.884,55.538,70.07,84.033,90.164,97.664
                Баянтүмэн,42107,Ямаа,1.28,2.36,1.99,2.3,2.64,2.56,2.1,2.23,2.24,2.44,2.11,2.19,1.78,1.58,1.42,1.47,1.72,1.82,1.6,1.54,1.65,1.87,2.21,2.63,2.97,3.48,4.29,5.08,5.94,5.84,6.13,7.62,10.63,10.06,14.54,16.45,22.65,31.84,37.48,34.04,21.03,22.4,24.526,22.902,26.683,32.313,35.721,45.612,56.711,61.397,65.695
                Баян-Уул,42110,Бүгд,76.39,62.68,58.19,62.84,66.28,71.01,71.38,74.52,80.48,76.31,66.24,75.75,75.3,65.42,65.24,61.15,55.43,46.17,45.71,47.12,48.19,43.93,47.29,36.03,32.88,24.61,24.69,28.39,30.93,35.23,36.9,36.63,41.17,44.8,46.35,50.06,57.43,66.71,75.84,78.58,64.63,63.23,68.292,73.321,81.649,88.899,91.831,100.344,112.9,133.766,157.81
                Баян-Уул,42110,Адуу,6.11,6.5,6.04,6.09,6.27,6.07,5.96,6.3,6.19,6.46,5.87,6.2,5.96,6.25,6.37,6.58,6.68,6.7,6.81,6.97,7.09,7.09,7.79,6.3,6.55,5.96,5.27,5.38,5.01,5.32,5.21,4.99,5.56,6.1,6.44,6.55,6.81,7.32,7.64,7.71,7.43,7.52,7.479,8.343,9.2,10.245,11.918,12.839,13.922,15.831,19.018
                Баян-Уул,42110,Үхэр,15.77,17.47,16.16,16.9,17.29,17.64,17.17,17.87,19.11,17.99,16.7,17.11,15.31,13.86,14.24,14.21,13.99,13.43,13.01,13.32,14.12,12.96,13.35,9.63,9.46,7.83,7.56,8.67,8.94,9.75,9.64,8.38,8.45,8.7,8.27,7.92,8.31,9.2,9.53,10.59,9.92,9.81,10.764,11.781,13.142,15.462,14.937,15.733,18.57,22.88,26.681
                Баян-Уул,42110,Тэмээ,0.82,0.78,0.7,0.68,0.68,0.69,0.67,0.67,0.68,0.7,0.67,0.73,0.72,0.77,0.79,0.71,0.73,0.67,0.69,0.68,0.73,0.6,0.57,0.41,0.37,0.34,0.34,0.33,0.33,0.34,0.36,0.38,0.41,0.38,0.39,0.38,0.39,0.35,0.37,0.32,0.3,0.25,0.214,0.178,0.143,0.159,0.183,0.231,0.257,0.211,0.248
                Баян-Уул,42110,Хонь,40.29,37.23,34.68,38.43,41.24,45.74,46.69,48.68,53.45,50.11,42.03,50.53,52.2,43.21,42.45,38.55,33.02,24.41,24.23,25.05,25.26,22.48,24.15,18.28,14.57,8.42,8.72,10.19,11.95,14.19,15.32,15.63,17.23,18.2,18.94,21.42,24.77,28.35,31.75,33.27,28.01,26.52,28.875,31.047,34.63,36.45,38.45,42.429,46.435,53.347,63.95
                Баян-Уул,42110,Ямаа,13.39,0.71,0.62,0.74,0.81,0.87,0.89,1.01,1.05,1.05,0.97,1.19,1.11,1.33,1.4,1.1,1,0.97,0.96,1.11,0.99,0.81,1.42,1.42,1.92,2.05,2.8,3.82,4.69,5.64,6.38,7.25,9.52,11.43,12.31,13.8,17.14,21.5,26.55,26.7,18.98,19.14,20.96,21.972,24.534,26.583,26.343,29.112,33.716,41.497,47.913
                    Булган,42113,Бүгд,71.47,75.5,72.32,79.23,75.44,75.21,70.97,71.44,82.94,83.52,63.18,69.85,65.48,50.68,48.59,53.92,50.12,52.99,60.09,62.29,57.42,49.92,46.51,43.68,37.62,34.98,34.06,38.78,42.85,45.54,44.58,42.82,43.9,44.53,49.83,54.44,67.57,77.43,84.56,75.19,65.09,70.11,74.805,76.414,86.206,94.51,103.629,135.561,174.263,208.726,221.617
                    Булган,42113,Адуу,9.04,9.66,9.81,10.46,9.32,9.64,9.02,8.44,7.67,7.52,5.32,5.63,4.84,4.65,4.54,4.61,4.67,4.82,4.86,5.03,4.77,4.66,4.84,5.16,5.39,5.43,5.06,5.53,5.64,5.99,6.21,6.93,6.83,7.4,7.79,8.01,9.09,10.18,10.63,9.86,9.13,10.09,11.174,12.46,13.067,13.426,15.471,19.97,23.487,26.254,31.076
                    Булган,42113,Үхэр,5.57,5.82,5.48,5.45,6.02,6.19,5.68,5.63,5.85,5.56,4.75,5.06,4.68,3.76,3.89,4.08,4.03,4.22,4.41,4.51,4.39,4.46,4.7,5.06,5.14,5.5,5.68,6.56,7.48,8.21,7.44,4.4,4.76,4.34,4.26,4,4.78,5.32,5.54,5.98,5.25,5.36,6.21,6.989,8.004,8.975,9.267,12.091,15.114,18.77,19.667
                    Булган,42113,Тэмээ,1.52,1.57,1.61,1.74,1.66,1.74,1.69,1.81,1.86,1.85,1.62,1.75,1.67,1.65,1.56,1.58,1.53,1.46,1.57,1.55,1.31,1.12,0.84,0.75,0.69,0.63,0.55,0.52,0.5,0.47,0.45,0.43,0.45,0.44,0.44,0.46,0.46,0.5,0.5,0.49,0.45,0.39,0.358,0.363,0.315,0.326,0.36,0.402,0.396,0.382,0.413
                    Булган,42113,Хонь,53.22,55.71,52.62,58.14,56.2,55.24,52.05,52.79,64.46,65.38,48.97,54.19,51.8,38.83,36.65,41.42,37.61,40.1,46.75,48.48,44.44,37.33,33.57,29.86,23.21,19.71,18.48,20.54,22.31,23.78,23.1,22.81,21.54,20.96,23.69,26.26,31.29,33.12,36.15,35.46,31.46,33.16,34.199,34.426,38.673,43.123,47.457,63.345,83.106,100.158,106.488
                    Булган,42113,Ямаа,2.12,2.74,2.8,3.43,2.25,2.4,2.52,2.78,3.1,3.21,2.52,3.22,2.48,1.79,1.95,2.25,2.28,2.4,2.5,2.73,2.52,2.35,2.56,2.85,3.19,3.71,4.29,5.62,6.92,7.1,7.38,8.25,10.32,11.4,13.66,15.71,21.95,28.32,31.73,23.4,18.81,21.1,22.864,22.176,26.147,28.66,31.074,39.753,52.16,63.162,63.973
                    Гурванзагал,42116,Бүгд,48.85,49.66,50.42,53.84,51.12,52.55,45.63,47.07,49.04,51.29,49.67,56.84,51.88,42.12,43.83,47.15,42.49,43.46,42.07,42.09,43.69,36.05,31.1,25.35,20.45,17,17.99,20.98,23.59,26.47,28.17,25.85,29.03,33.61,34.04,41.57,49.08,65.09,74.37,67.36,57.82,62.71,70.728,74.605,86.228,97.432,111.22,138.952,157.91,175.187,179.544
                    Гурванзагал,42116,Адуу,4.27,4.49,4.6,4.75,4.77,4.65,4.38,4.8,3.73,3.72,3.27,3.34,3.3,3.2,3.21,3.25,3.11,2.98,3.05,2.85,2.85,2.93,2.93,3.08,3.32,3.41,3.52,3.8,4.16,4.51,4.74,4.78,5.42,6.23,6.69,7.39,7.51,8.28,9.09,7.88,8.47,8.9,9.49,10.074,10.908,12.62,14.105,15.745,17.946,19.115,19.266
                    Гурванзагал,42116,Үхэр,4.31,4.41,4.25,4.45,4.49,4.63,4.47,4.73,5.09,5.11,4.99,5.52,5.17,4.18,4.15,4.27,4.25,4.31,4.47,4.51,4.39,4.44,4.44,4.28,3.98,3.84,4.13,4.8,5.39,5.98,6.37,4.91,4.76,5.55,5.15,5.51,5.72,6.49,7.05,5.5,4.9,5,5.578,6.248,7.04,8.137,8.645,10.898,12.5,14.043,15.132
                    Гурванзагал,42116,Тэмээ,0.63,0.64,0.64,0.68,0.7,0.73,0.64,0.57,0.5,0.53,0.49,0.51,0.48,0.5,0.49,0.49,0.39,0.36,0.37,0.37,0.28,0.27,0.28,0.24,0.25,0.23,0.21,0.2,0.21,0.22,0.22,0.23,0.22,0.24,0.23,0.24,,0.28,0.25,0.24,0.23,0.25,0.198,0.204,0.231,0.372,0.373,0.486,0.342,0.36,0.347
                    Гурванзагал,42116,Хонь,35.75,35.93,36.28,39.18,36.25,37.15,31.8,32.29,34.22,36.33,36.25,42.12,38.73,30.58,32.76,35.92,31.52,32.5,30.56,31.02,33.1,26.12,21.36,15.74,10.59,7.33,7.59,8.84,9.69,11.33,12.18,11.09,12.2,12.95,13.04,16.36,20.04,26.52,30.93,30.44,27.91,28.52,32.786,35.529,40.763,46.278,54.239,69.122,77.177,85.902,88.388
                    Гурванзагал,42116,Ямаа,3.89,4.2,4.65,4.78,4.91,5.39,4.34,4.69,5.49,5.6,4.67,5.36,4.2,3.67,3.21,3.23,3.22,3.31,3.62,3.34,3.07,2.29,2.1,2.02,2.31,2.2,2.54,3.35,4.14,4.42,4.66,4.85,6.43,8.65,8.93,12.07,15.56,23.52,27.04,23.3,16.31,20.04,22.676,22.55,27.286,30.025,33.858,42.701,49.945,55.767,56.411
                    Дашбалбар,42119,Бүгд,120.13,122.72,125.76,129.94,123.17,127.74,120.53,117.41,123.63,123.37,112.56,124.75,125.67,120.9,121.7,116.36,112.67,113.55,106.36,106.35,111.78,107,95.46,81.88,75.32,64.13,64,71.01,80.94,89.08,95,90.59,93.19,102.46,105.21,114.36,125.1,138.59,155.53,167.32,157.19,164.45,158.129,163.486,181.905,197.86,218.509,255.412,292.137,311.11,322.369
                    Дашбалбар,42119,Адуу,7.79,8.04,7.66,7.77,8.26,8.39,8.37,7.48,7.16,7.38,5.26,5.72,5.93,6.17,6.56,6.69,6.92,7.09,7.37,7.6,7.75,8.8,7.85,8.24,8.58,7.92,7.9,7.96,8.25,8.7,9.17,9.65,10.64,11.72,12.51,13.11,13.48,13.35,14.15,14.16,14.82,15.59,15.537,15.953,17.418,18.589,19.807,20.407,21.93,22.59,22.636
                    Дашбалбар,42119,Үхэр,9.25,9.49,9.17,9.2,9.3,9.37,9.31,9.39,9.69,9.49,8.63,9.2,9.29,8.76,8.55,8.54,8.29,8.44,8.13,8.49,9.07,8.48,8.69,8.1,8.55,7.92,8.21,9.7,10.55,11.67,12.41,9.24,8.85,9.64,9.07,9.42,9.78,9.96,10.44,10.78,11.04,11.58,11.772,12.25,13.292,14.197,15.698,18.208,20.675,22.57,24.152
                    Дашбалбар,42119,Тэмээ,2.04,2.17,2.14,2.11,2.19,2.26,2.34,2.34,2.37,2.36,1.79,1.98,2.02,2.15,2.21,2.23,2.28,2.12,2.19,2.18,2.1,1.61,1.26,1.11,0.95,0.77,0.69,0.64,0.62,0.6,0.64,0.63,0.65,0.63,0.63,0.62,0.6,0.58,0.58,0.63,0.64,0.61,0.525,0.51,0.568,0.598,0.635,0.551,0.579,0.658,0.596
                    Дашбалбар,42119,Хонь,94.67,96.31,99.72,103.53,96.28,100.1,93.19,90.64,96.77,96.4,90.34,100.2,101.17,96.24,96.56,91.08,87.69,88.42,81.76,81.25,86.27,81.68,71.3,57.95,49.72,39.96,38.44,42.11,48.96,54.69,58,54.54,53.12,56.27,57.33,61.39,65.96,72.41,80.85,87.65,86.43,90.76,87.609,92.863,102.387,111.654,126.593,148.886,171.147,183.885,192.172
                    Дашбалбар,42119,Ямаа,6.38,6.7,7.08,7.34,7.14,7.63,7.33,7.56,7.64,7.74,6.55,7.66,7.27,7.58,7.82,7.82,7.48,7.49,6.9,6.83,6.59,6.43,6.36,6.49,7.52,7.56,8.77,10.61,12.55,13.42,14.79,16.55,19.93,24.2,25.67,29.82,35.28,42.3,49.51,54.11,44.26,45.91,42.686,41.91,48.24,52.822,55.776,67.36,77.806,81.407,82.813
                    Матад,42122,Бүгд,85.54,84.31,84.23,85.81,87.12,90.6,82.18,75.88,84.51,83.62,81.09,88.56,89.69,88.72,83.23,79.56,74.73,75.05,76.19,74.95,70.64,65.81,60.05,52.32,45.88,42.09,42.99,44.11,47.27,51.3,54.01,54.04,56.97,63.25,65.29,66.44,80.16,89.7,95.54,92.25,90.52,84.86,86.685,86.287,93.957,104.392,117.5,145.759,164.907,184.529,208.945
                    Матад,42122,Адуу,9.4,10.09,10,10.65,10.9,11.55,11.17,10.91,10.25,10.7,9.34,9.83,10.12,9.64,9.85,9.34,8.14,8.19,8.22,8.26,8.06,7.99,8.21,8.34,8.36,8.2,8.72,9.05,9.44,9.73,9.82,10.28,10.72,11.77,12.05,12.36,13.61,14.08,13.9,13.14,14.11,14.51,15.681,15.738,16.935,18.937,22.62,25.856,29.242,31.294,36.59
                    Матад,42122,Үхэр,7.44,7.43,7.15,7.01,7.29,7.45,7.33,7.31,8.03,7.7,7.66,7.93,7.56,7.63,7.26,7.47,7.78,7.5,7.57,7.68,7.1,6.95,7.09,6.81,7.09,7.5,7.99,8.53,9.36,10.2,10.18,8.32,8.5,9.17,9.43,8.32,9.26,10.33,10.19,10.97,11.47,10.84,11.693,12.634,13.702,14.891,15.85,18.649,22.066,25.034,29.193
                    Матад,42122,Тэмээ,1.54,1.62,1.55,1.68,1.76,1.93,1.81,1.94,1.92,1.93,1.81,1.92,1.92,2.07,1.94,1.7,1.67,1.65,1.65,1.6,1.41,1.22,1.11,0.95,0.94,0.89,0.9,0.91,0.93,0.93,0.89,0.89,0.91,0.98,1,0.94,0.93,0.93,0.95,1.03,0.9,0.77,0.638,0.524,0.404,0.457,0.492,0.555,0.546,0.575,0.599
                    Матад,42122,Хонь,65.24,63.24,63.5,64.25,65.01,67.23,59.45,53.55,61.77,61.21,60.69,66.97,68.13,67.23,62.25,59.21,55.25,55.79,56.53,55.19,51.95,47.33,41,33.18,26.04,21.54,20.42,19.63,20.53,23.2,24.97,24.91,25.1,26.79,26.69,27.58,33.02,36.58,39.34,39.43,40.14,34.79,35.455,35.559,38.167,42.324,47.415,61.589,67.946,74.386,82.66
                    Матад,42122,Ямаа,1.93,1.93,2.02,2.23,2.16,2.44,2.43,2.17,2.54,2.09,1.59,1.91,1.97,2.15,1.94,1.84,1.9,1.92,2.21,2.22,2.12,2.32,2.65,3.04,3.46,3.96,4.95,5.99,7.01,7.25,8.15,9.64,11.74,14.54,16.13,17.24,23.33,27.78,31.17,27.67,23.9,23.94,23.218,21.832,24.749,27.783,31.123,39.11,45.107,53.24,59.903
                    Сэргэлэн,42125,Бүгд,91.51,96.09,83.27,87.15,100.89,100.02,90.3,95.45,101.69,103.66,100.91,109.15,106.86,91.8,84.24,81.68,69.08,70.36,70.54,71.56,72.82,73.95,67.21,65.43,68.03,65.55,69.36,79.95,89.78,97.32,101.66,87.52,85.69,88.38,93.11,105.47,115.97,133.58,154.69,146.87,81.42,85.09,93.309,99.456,120.989,138.542,143.985,167.062,201.961,225.546,221.982
                    Сэргэлэн,42125,Адуу,10.4,11.11,10.77,11.6,11.74,11.95,11.48,10.06,9.56,9.89,5.89,6.23,6.38,6.24,6.31,6.41,6.29,6.64,6.76,6.97,7.33,7.47,7.39,7.5,7.9,7.99,8.32,8.97,9.82,10.91,11.66,12.05,12.76,13.53,13.57,14.29,14.91,15.09,15.32,14,11.63,12.14,12.88,13.738,14.771,15.894,18.353,18.794,20.481,22.713,23.099
                    Сэргэлэн,42125,Үхэр,7.14,7.46,6.28,6.59,7.07,7.43,7.01,7.36,8.42,8.54,8.39,9.3,8.48,7.41,7.72,8.41,8.77,9.54,9.68,9.92,9.97,10.05,10,9.97,11.05,11.49,12.03,13.17,14.84,16.13,16.19,6.5,6.72,7.35,7.24,8.05,8.66,9.49,10.08,9.67,4.57,4.9,5.644,6.422,8.418,10.303,10.333,12.52,14.597,16.749,17.238
                    Сэргэлэн,42125,Тэмээ,1.11,1.12,1.06,1.18,1.15,1.23,1.25,1.3,1.3,1.3,1.14,1.2,1.18,1.18,1.11,1.1,1.04,1.09,1.11,1.12,1.1,1.05,0.9,0.87,0.81,0.74,0.65,0.66,0.66,0.62,0.62,0.6,0.64,0.67,0.7,0.71,0.68,0.63,0.61,0.6,0.54,0.5,0.477,0.502,0.536,0.57,0.582,0.662,0.758,0.873,0.829
                    Сэргэлэн,42125,Хонь,59.87,62.22,52.94,56.12,65.13,64.41,58.42,62.78,69.67,71.1,72.25,78.64,77.18,66.61,59.81,57.4,47.93,47.94,47.85,48.08,48.97,49.72,42.87,40.57,40.17,36.48,38.38,44.38,49.2,53.87,56.38,51.63,46.95,46,48.4,54.27,59.42,68.43,79.5,79.85,44.28,46.39,49.911,53.695,64.846,74.725,75.461,88.066,107.545,118.602,114.323
                    Сэргэлэн,42125,Ямаа,13,14.18,12.22,11.67,15.81,14.99,12.14,13.94,12.73,12.83,13.25,13.78,13.64,10.36,9.29,8.36,5.05,5.16,5.14,5.48,5.46,5.66,6.06,6.52,8.09,8.86,9.99,12.78,15.26,15.79,16.81,16.73,18.62,20.84,23.2,28.15,32.3,39.94,49.18,42.76,20.41,21.15,24.397,25.099,32.418,37.05,39.256,47.02,58.58,66.609,66.493
                    Халхгол,42128,Бүгд,78.73,81.18,93.84,99.2,102.66,104.44,112.41,114.33,114.98,124.8,79.28,77.53,78.98,75.08,56.56,56.9,54.44,55.68,55.79,56.25,53.15,47.73,35.73,26.72,42.43,34.68,29.87,30.52,30.64,29.86,31.35,32.69,33.34,31.96,32.13,34.81,36.93,54.66,64.32,62.24,66.35,61.77,63.724,35.707,40.267,48.203,54.766,66.923,77.67,91.993,98.368
                    Халхгол,42128,Адуу,6.49,6.82,6.23,6.93,6.35,7.73,8.12,7.75,7.66,8.11,3.91,4.04,3.88,3.9,3.79,3.3,3.26,3.41,3.61,3.7,3.59,3.65,3.51,3.59,7.08,6.03,5.26,5.1,5.21,5.36,5.5,5.81,6.18,5.91,6.18,6.24,6.29,7.89,7.89,7.89,8.74,9.78,9.502,9.026,9.277,10.107,11.324,12.689,14.334,15.786,17.632
                    Халхгол,42128,Үхэр,8.78,8.87,21.22,21.56,25.11,25.7,29.9,27.24,26.75,31.39,6.61,6.79,6.25,6.39,5.83,5.47,5.34,5.55,5.79,6.26,6.19,5.88,5.73,5.22,15.08,12,9.5,9.49,9.23,8.39,8.25,8.07,7.6,7.49,7.89,8.73,8.78,10.68,11.79,12.44,13.62,12.82,13.35,7.765,8.345,9.695,10.956,12.423,14.327,16.16,19.402
                    Халхгол,42128,Тэмээ,0.98,1.01,1.04,1.13,1.1,1.12,1.2,1.16,1.24,1.3,0.87,0.83,0.72,0.73,0.67,0.6,0.52,0.72,0.7,0.7,0.63,0.58,0.53,0.5,0.56,0.51,0.42,0.42,0.39,0.35,0.37,0.38,0.36,0.33,0.32,0.36,0.36,0.37,0.4,0.43,0.42,0.44,0.418,0.332,0.326,0.326,0.348,0.336,0.329,0.336,0.304
                    Халхгол,42128,Хонь,58.67,60.54,61.48,65.08,65.85,65.62,69.2,73.77,75.31,79.42,63.3,62.62,64.67,61.17,44.55,45.7,43.65,44.26,43.96,43.79,41.12,36.13,24.6,16.15,17.72,14.02,12.6,13.03,12.87,12.68,13.46,13.78,13.48,12.45,11.41,11.9,12.81,21.73,25.44,24.86,27.88,25.3,26.476,10.981,13.353,16.991,19.588,24.524,28.475,34.598,34.422
                    Халхгол,42128,Ямаа,3.81,3.94,3.88,4.5,4.25,4.27,3.99,4.41,4.01,4.58,4.6,3.25,3.46,2.89,1.72,1.84,1.66,1.74,1.74,1.81,1.63,1.5,1.37,1.26,2,2.11,2.1,2.49,2.93,3.09,3.78,4.65,5.71,5.78,6.33,7.57,8.68,13.99,18.81,16.62,15.69,13.43,13.978,7.603,8.966,11.084,12.55,16.951,20.205,25.113,26.608
                    Хөлөнбуйр,42131,Бүгд,68.21,22.38,66.7,70.99,74.65,74.19,64.58,60.99,69.47,71.83,65.82,72.04,75.41,60.54,53.39,55.22,52.42,53.93,55.2,56.01,55.32,51.12,45.39,40.2,37.76,35.76,35.92,38.73,43.53,46.8,49.74,50.94,52.37,46.37,50.3,53.08,60.96,70.37,75.29,74.9,60.59,65.99,72.653,74.786,86.502,95.46,108.185,131.517,152.498,161.451,160.542
                    Хөлөнбуйр,42131,Адуу,7.19,7.71,7.13,7.44,7.66,7.95,7.66,6.88,6.52,6.73,5.55,5.81,6.04,6.03,6.37,6.26,6.14,6.37,6.65,6.87,6.75,6.99,6.66,6.32,6.5,5.85,5.89,6.01,6.54,6.96,7.56,7.99,8.5,8.07,8.36,8.2,8.8,9.02,8.98,8.49,8.38,9.28,10.238,10.842,11.847,13.326,14.386,16.583,19.727,18.763,19.652
                    Хөлөнбуйр,42131,Үхэр,3.93,4.38,4.05,4.19,4.34,4.54,4.43,4.29,4.46,4.47,4.27,4.62,4.69,4.08,4.27,4.03,4.22,4.48,4.64,5.18,5.52,5.58,5.49,5.6,5.81,5.98,6.06,6.22,6.75,7.27,7.4,6.17,6.08,4.56,4.48,4.4,4.76,5.22,5.11,5.59,5.11,5.14,5.797,6.199,7.188,7.592,8.484,10.324,12.656,13.868,15.421
                    Хөлөнбуйр,42131,Тэмээ,0.74,0.76,0.7,0.75,0.79,0.8,0.81,0.8,0.82,0.79,0.76,0.8,0.81,0.79,0.8,0.83,0.83,0.79,0.87,0.9,0.86,0.79,0.62,0.5,0.45,0.4,0.36,0.35,0.36,0.36,0.36,0.38,0.4,0.41,0.39,0.37,0.4,0.43,0.42,0.44,0.41,0.41,0.395,0.364,0.359,0.355,0.387,0.408,0.413,0.435,0.415
                    Хөлөнбуйр,42131,Хонь,52.64,5.59,51.05,54.77,57.64,56.8,48.21,45.46,53.26,55.21,51.86,57.02,60.35,46.74,39.11,41.2,38.55,39.37,40.05,39.87,39.41,35.58,30.38,25.05,21.73,19.73,19.29,20.86,23.42,25.68,26.92,27.03,26.45,22.8,24.6,26.66,29.97,34.52,36.85,37.39,32.03,34.08,37.527,39.034,44.509,48.96,56.12,69.606,79.902,84.906,83.96
                    Хөлөнбуйр,42131,Ямаа,3.71,3.94,3.76,3.85,4.22,4.1,3.47,3.56,4.41,4.63,3.39,3.78,3.52,2.9,2.85,2.9,2.68,2.93,2.98,3.19,2.79,2.18,2.24,2.72,3.27,3.8,4.33,5.29,6.47,6.53,7.5,9.38,10.93,10.54,12.47,13.45,17.02,21.2,23.94,22.99,14.67,17.08,18.696,18.347,22.599,25.227,28.808,34.596,39.8,43.479,41.094
                    Цагаан-Овоо,42134,Бүгд,131.65,200.64,131.04,130.57,154.12,154.43,146.92,144.63,157.19,156.95,135.72,154.63,150.11,123.82,121.3,121.46,112.33,113.75,121.49,126.56,128.03,121.17,98.69,85.65,76.43,70.31,68.99,76.51,86.93,96.18,99.58,102.54,105.27,101.67,104.02,113.67,127.01,154.25,173.5,170.69,100.95,98.25,112.325,115.872,135.181,142.159,158.922,187.358,219.57,242.85,262.436
                    Цагаан-Овоо,42134,Адуу,16.08,17.13,15.06,15.14,16.75,18.27,17.47,16.85,17.99,17.49,11.38,12.51,12.12,11.94,12.51,12.92,13.2,13.39,13.73,14.07,14.18,13.48,11.79,11.4,11.49,9.9,9.7,10.15,10.71,11.6,12.18,12.04,12.67,12.59,12.28,12.76,13.71,14.96,13.84,13.31,11.99,11.63,12.516,13.464,15.05,16.551,19.173,21.896,23.802,26.227,30.98
                    Цагаан-Овоо,42134,Үхэр,11.57,12.21,4.06,7.83,12.08,12.75,11.56,12.14,13.57,13.37,11.58,12.31,10.79,9.07,9.47,9.78,10.06,10.58,11.18,12.16,12.45,11.62,10.7,10.04,9.82,9.34,9.08,10.28,11.33,12.79,12.97,10.96,10.38,8.93,8.33,8.27,8.81,9.44,10.29,10.26,6.81,7.5,8.928,9.627,12.194,13.441,13.751,18.26,21.208,23.743,27.029
                    Цагаан-Овоо,42134,Тэмээ,2.61,2.73,2.6,2.79,2.9,3.03,3,2.97,3.09,3.1,2.74,2.95,2.86,2.68,2.46,2.41,2.4,2.44,2.44,2.46,2.22,2.07,1.34,1,0.78,0.62,0.49,0.5,0.5,0.48,0.48,0.46,0.45,0.46,0.43,0.41,0.38,0.41,0.39,0.34,0.31,0.29,0.318,0.314,0.318,0.342,0.367,0.403,0.641,0.677,0.651
                    Цагаан-Овоо,42134,Хонь,100.49,155.77,99.08,94.53,109.06,106.43,102.12,98.19,109.22,109.49,100.22,115.32,113.05,90.25,87.06,87,78.18,78.4,85.13,87.39,88.3,83.89,64.61,52.14,42.54,38,36.09,38.89,44.25,50.8,52.75,52.53,50.91,47.87,48.5,52.57,57.87,69.61,77.71,79.14,50.35,46.36,54.438,56.48,64.042,64.471,72.905,82.694,96.263,106.076,112.981
                    Цагаан-Овоо,42134,Ямаа,0.89,12.8,10.24,10.29,13.34,13.95,12.78,14.48,13.32,13.5,9.8,11.54,11.3,9.87,9.8,9.35,8.49,8.94,9.02,10.49,10.88,10.12,10.25,11.07,11.8,12.46,13.63,16.7,20.14,20.52,21.2,26.55,30.86,31.82,34.48,39.67,46.24,59.83,71.27,67.64,31.5,32.46,36.125,35.987,43.577,47.354,52.726,64.105,77.656,86.127,90.795
                    Чойбалсан,42137,Бүгд,58.65,56.35,59.71,64.43,70.17,73.33,58.58,48.37,56.32,57.13,57.65,60.06,53.31,46.33,42.92,43.94,37.14,37.49,37.73,39.46,40.17,40.4,39.45,38.67,36.19,37.09,36.13,39.08,46.46,55.12,55.54,53.84,56.33,58.08,61.24,69.65,77.76,88.25,101.37,96.06,66.79,67.11,67.799,70.959,84.893,101.364,112.706,144.32,170.871,179.852,199.531
                    Чойбалсан,42137,Адуу,5.91,5.81,5.85,6.37,6.85,7.32,7.04,6.78,5.92,5.96,5.15,5.43,5.22,4.72,4.36,4.3,3.93,4.02,3.97,4.19,4.45,4.54,4.66,4.71,4.71,5.09,5.15,5.42,5.89,6.66,6.97,7.99,9.18,9.61,9.54,10.06,10.29,10.36,10.67,9.81,8.82,9.09,8.778,9.791,11.459,12.518,14.207,15.298,18.733,18.34,20.574
                    Чойбалсан,42137,Үхэр,4.57,4.7,4.68,5.66,6.18,6.52,5.15,5.41,5.46,5.36,5.67,6.1,5.99,5.73,6.31,6.76,6.27,6.51,6.5,6.82,6.81,6.53,6.69,6.54,6.43,6.89,6.57,7.05,8.03,9.48,9.76,6.65,7.21,7.75,7.45,7.74,8.31,9.03,9.22,8.81,5.86,5.65,6.314,7.091,8.141,10.112,11.021,13.403,16.011,17.729,20.244
                    Чойбалсан,42137,Тэмээ,1.18,1.11,1.12,1.18,1.25,1.28,1.28,1.18,1.06,1.05,0.89,0.98,0.92,0.95,0.78,0.79,0.72,0.71,0.7,0.7,0.67,0.61,0.57,0.54,0.47,0.48,0.45,0.46,0.46,0.48,0.47,0.48,0.53,0.57,0.59,0.6,0.6,0.57,0.58,0.52,0.45,0.41,0.318,0.283,0.268,0.29,0.298,0.329,0.355,0.341,0.324
                    Чойбалсан,42137,Хонь,46.31,42.35,45.53,47.62,52.6,54.4,42.68,32.62,41.13,41.98,43.48,45.32,39.08,33.26,30.19,30.9,25.22,25.23,25.51,26.65,27.15,27.67,26.17,25.28,22.58,21.96,20.97,22.5,27.13,32.57,31.54,30.61,28.82,27.48,28.15,32.5,35.35,39.5,43.98,42.6,30.84,29.44,30.351,32.335,38.715,46.444,51.904,69.696,81.241,86.232,97.547
                    Чойбалсан,42137,Ямаа,0.69,2.38,2.53,3.61,3.29,3.81,2.43,2.39,2.76,2.78,2.46,2.23,2.11,1.68,1.29,1.19,1.01,1.02,1.06,1.1,1.09,1.05,1.35,1.61,2.01,2.67,2.99,3.66,4.95,5.94,6.81,8.12,10.59,12.67,15.51,18.76,23.21,28.79,36.93,34.32,20.82,22.52,22.038,21.459,26.31,32,35.276,45.594,54.531,57.21,60.842
                Чулуунхороот,42140,Бүгд,34.2,32.88,28.86,31.78,36.97,40.14,39.54,39.82,37.39,43.96,42.69,45.85,42.59,42.74,38.97,39.56,37.25,37.48,38.33,40.7,42.6,38.99,30.04,21.76,17.66,11.59,9.71,10.94,13.13,14.04,15.64,17.21,21.61,26.56,25.4,29.32,33.46,40.68,49.41,47.94,47.38,47.82,48.262,49.104,53.304,62.609,69.038,83.579,94.174,112.251,120.348
                Чулуунхороот,42140,Адуу,1.95,2.07,2.23,2.48,2.79,2.87,2.8,3.17,3.2,3.03,2.83,2.99,2.83,2.97,3.03,2.99,3.09,3.15,3.28,3.41,3.69,3.63,3.82,3.4,2.61,2.03,1.55,1.68,1.7,1.69,1.76,1.87,2.11,2.71,2.99,3.34,3.48,4.09,4.48,4.64,5.13,5.26,5.926,6.396,6.755,7.941,9.248,9.647,11.028,11.716,13.039
                Чулуунхороот,42140,Үхэр,1.72,1.79,1.66,1.8,1.95,2,2.04,1.91,1.94,2.15,2.12,2.28,2.39,2.48,2.46,2.38,2.39,2.35,2.49,2.71,3.02,3.18,3.73,3.37,3.42,2.87,2.69,2.76,2.98,3.05,2.9,2.97,3.2,3.51,2.83,2.99,3.1,3.64,4.46,4.27,4.35,4.58,4.791,5.068,5.605,6.486,7.147,8.652,9.591,12.387,13.841
                Чулуунхороот,42140,Тэмээ,0.37,0.37,0.36,0.38,0.41,0.42,0.41,0.4,0.42,0.43,0.43,0.44,0.43,0.41,0.38,0.36,0.35,0.35,0.36,0.38,0.39,0.41,0.42,0.37,0.25,0.15,0.12,0.08,0.09,0.08,0.07,0.08,0.08,0.1,0.1,0.1,0.1,0.11,0.1,0.1,0.1,0.08,0.059,0.046,0.033,0.036,0.045,0.042,0.147,0.065,0.07
                Чулуунхороот,42140,Хонь,27.81,28.63,24.6,27.11,31.8,34.82,34.27,34.29,31.8,38.31,37.29,40.12,36.89,36.82,33.01,33.73,31.33,31.55,32.1,34.1,35.36,31.53,21.64,14,10.59,5.76,4.46,5.26,6.83,7.52,8.55,9.12,11.74,13.82,12.79,14.13,15.91,18.32,21.6,20.76,20.99,20.34,21.264,21.281,24.26,29.049,32.196,39.891,44.261,52.385,53.177
                Чулуунхороот,42140,Ямаа,2.36,0.03,0.01,0.02,0.03,0.03,0.03,0.05,0.03,0.04,0.03,0.03,0.05,0.06,0.08,0.09,0.09,0.08,0.09,0.11,0.13,0.25,0.43,0.61,0.79,0.78,0.89,1.15,1.53,1.71,2.37,3.17,4.48,6.42,6.69,8.76,10.89,14.52,18.77,18.17,16.81,17.56,16.222,16.313,16.651,19.097,20.402,25.347,29.147,35.698,40.221
            Сүхбаатар,422,Бүгд,1001.43,901.39,974.01,1053.6,1068.01,1073.92,1059.32,1087.92,1124.83,1162.42,1068.42,1131.01,1035.85,948.24,1007.18,1028.09,1032.84,916.63,959.25,996.78,1004.66,1035.76,1098.66,646.79,1086.89,1015.58,1040.89,1133.1,1288.24,1450.59,1492.47,1429.14,1516.07,1622.68,1579.98,1523.1,1634.16,1709.19,1542.5,1789.74,1979.79,2081.4,2280.581,2491.423,2818.181,3070.254,3030.437,3528.41,3716.811,3817.01,3893.625
            Сүхбаатар,422,Адуу,129.06,121.87,117.3,120.47,123.68,127.93,126.29,120.72,124.11,128.18,115.03,121.81,115.51,111.87,117.51,118.09,122.57,120.39,124.32,123.66,118.22,118.37,120.85,71.42,130.78,134.86,139.8,154.87,169.43,188.3,192.19,182.91,188.84,194.69,185.48,177.72,176.34,166.01,118.78,131.51,148.09,164.87,183.569,203.05,231.248,259.59,274.682,315.577,327.342,321.887,330.957
            Сүхбаатар,422,Үхэр,98.09,95.94,98.3,104.35,113.92,119.08,123.83,124.99,136.28,138.58,128.16,134.11,122.67,117.35,122.73,127.64,133.15,125.99,122.62,129.16,132.22,135.4,144.38,80.54,159.94,162.6,155.9,167.49,184.82,211.33,209.59,137.93,140.35,151.33,138.43,125.3,128.58,124.56,97.76,110.13,127.96,136.65,151.132,172.033,195.893,214.478,209.326,236.792,251.639,268.547,280.91
            Сүхбаатар,422,Тэмээ,17.83,17.36,17.67,17.86,18.4,19.05,19.52,18.57,19.42,19.84,18.96,19.59,18.43,17.79,18.23,18.31,18.21,16.86,16.57,16.78,15.94,13.85,12.68,7.92,11.93,11.38,11.21,11.75,12.07,12.47,12.24,12.09,12.42,12.94,12.58,11.81,11.25,10.83,9.62,10.14,10.87,10.68,9.752,8.903,8.571,8.309,7.872,8.325,8.217,7.925,7.614
            Сүхбаатар,422,Хонь,636.84,565.47,627.09,684.01,692.66,678.22,657.36,691.82,704.71,733.89,678.62,714.49,654.25,592.3,627.53,634.84,624.9,542.58,572.78,592.01,602.85,624.51,657.28,371.24,586.3,496.35,499.65,534.21,605.57,689.79,717.32,708.02,710.96,722.53,706.37,695.99,750.84,776.26,733.12,853.67,961.22,991.98,1090.831,1216.623,1380.781,1511.835,1542.202,1815.324,1922.127,1971.234,1993.905
            Сүхбаатар,422,Ямаа,119.62,100.75,113.66,126.92,119.36,129.65,132.32,131.82,140.31,141.93,127.65,141.01,125,108.93,121.18,129.22,134,110.81,122.95,135.17,135.43,143.64,163.47,115.66,197.93,210.39,234.33,264.79,316.36,348.71,361.14,388.19,463.5,541.2,537.13,512.29,567.15,631.54,583.22,684.29,731.65,777.23,845.297,890.814,1001.688,1076.042,996.355,1152.392,1207.486,1247.417,1280.239
                Баруун-Урт,42201,Бүгд,1.85,1,0.52,0.83,1.09,1.3,1.64,1.47,1.76,6.44,4.64,5.85,5.48,5.15,6.72,9.96,13.65,12.33,12,14.58,22.61,35.18,42.08,,67.59,64.5,65.47,81.1,102.3,123.25,123.84,119.52,128.8,142.19,126.4,126.7,144.09,144.46,134.51,162.38,181.35,202.96,239.957,271.035,321.821,357.74,358.613,410.64,386.565,399.702,435.006
                Баруун-Урт,42201,Адуу,0.15,0.26,0.15,0.23,0.35,0.44,0.44,0.49,0.45,0.79,1.01,1.18,0.9,0.9,1.25,1.48,2.27,2.16,2.17,2.44,2.45,3.32,3.85,,6.23,7.05,7.47,9.92,11.76,14.25,14.51,15.11,15.45,17.29,15.38,15.46,14.43,13.4,10.26,12.35,15.04,17.77,21.73,24.786,28.797,33.053,37.91,42.747,40.872,40.575,42.858
                Баруун-Урт,42201,Үхэр,0.26,0.2,0.3,0.44,0.57,0.63,0.66,0.68,0.91,2.56,2.41,2.94,3.15,3.24,4.27,4.86,6.32,5.47,4.76,5.4,6.47,8.31,9.57,,13.02,13.68,11.72,14.65,17.13,20.03,19.27,10.22,10.28,12.14,10.06,10.1,10.12,8.93,7.2,8.63,10.77,12.4,15.338,18.866,23.248,26.737,27.782,30.73,29.54,32.338,36.145
                Баруун-Урт,42201,Тэмээ,0.01,0.01,0.01,0,0.01,0,0.01,0,0,0.01,0.01,0.01,0.01,0,0.01,0.01,0.04,0.02,0.03,0.03,0.02,0.03,0.04,,0.12,0.16,0.18,0.23,0.32,0.37,0.36,0.41,0.45,0.51,0.47,0.47,0.51,0.51,0.47,0.51,0.62,0.64,0.586,0.458,0.508,0.471,0.465,0.509,0.48,0.517,0.467
                Баруун-Урт,42201,Хонь,1.39,0.5,0.03,0.09,0.09,0.12,0.42,0.19,0.31,2.97,1.13,1.65,1.31,0.9,1.04,3.27,4.45,4.2,4.47,5.7,11.33,19.77,23.11,,37.74,32.26,33.06,38.73,48.83,60.53,60.81,60.39,61.69,63.51,56.96,57.07,66.53,66.61,63.55,76.1,85.4,93.82,108.545,127.599,153.437,173.176,178.884,207.481,195.643,200.286,218.086
                Баруун-Урт,42201,Ямаа,0.03,0.03,0.04,0.07,0.08,0.1,0.12,0.11,0.09,0.11,0.08,0.08,0.11,0.11,0.16,0.34,0.57,0.48,0.58,1,2.34,3.75,5.51,,10.47,11.35,13.05,17.57,24.26,28.07,28.89,33.39,40.94,48.74,43.54,43.6,52.49,55,53.04,64.79,69.53,78.34,93.758,99.326,115.831,124.303,113.572,129.173,120.03,125.986,137.45
                Асгат,42204,Бүгд,51.88,42.09,47.05,54.76,56.99,59.74,60.11,58.68,65.07,67.25,54.32,58.88,48.33,45.5,47.49,54.32,56.76,53.01,52.57,55.26,55.86,56.23,58.01,60.34,57.01,57.09,58.4,58.82,66.89,75.88,79.64,80.29,80.9,89.69,89.83,90.49,98.73,93.74,79.59,90.36,95.94,91.94,98.387,102.451,114.087,120.85,129.957,162.14,179.032,176.252,184.921
                Асгат,42204,Адуу,9.18,8.86,9.66,9.99,10.66,11.27,11.65,11.16,11.62,12.02,10.24,11.11,10.26,10.31,11.2,11.5,12.06,12.21,12.79,11.98,11.76,11.55,11.11,10.9,11.25,10.96,10.55,11.47,11.89,12.78,13.16,13.78,13.98,15.65,14.86,14.94,15.57,13.27,7.97,9.05,9.69,10.72,11.151,12.697,14.433,15.539,17.194,20.735,23.035,22.03,23.717
                Асгат,42204,Үхэр,4.56,4.1,4.39,4.67,5.15,5.74,5.88,5.68,6.11,6.22,5.43,6.02,5.55,4.99,5.5,5.82,6.07,5.82,5.86,6.58,6.89,7.24,7.43,7.41,8.01,8.51,7.63,7.42,8.43,9.94,10.33,6.36,6.46,7.36,7.25,7.4,8.35,7.47,5.11,5.93,6.92,7.09,7.718,8.668,9.485,10.397,10.816,13.222,14.378,14.723,15.14
                Асгат,42204,Тэмээ,0.85,0.8,0.81,0.82,0.85,0.89,0.89,0.86,0.92,0.92,0.86,0.84,0.82,0.84,0.88,0.95,0.98,0.96,0.88,0.9,0.85,0.77,0.78,0.8,0.76,0.75,0.69,0.68,0.69,0.66,0.65,0.64,0.63,0.66,0.67,0.67,0.67,0.58,0.53,0.54,0.56,0.48,0.409,0.356,0.274,0.276,0.246,0.276,0.284,0.322,0.356
                Асгат,42204,Хонь,33.07,25.1,28.21,34.29,34.97,35.84,35.05,36.24,40.62,42.15,33.3,35.8,26.95,24.25,24.25,29.95,31.06,27.45,26.2,28.28,29.39,30.09,31.13,32.02,26.41,24.08,24.99,24.02,27.74,31.9,33.59,35.91,33.39,35.94,37.9,38.31,42.07,39.26,36.88,41.41,44.39,41.58,44.206,46.285,50.945,54.51,60.554,76.816,86.854,84.987,88.765
                Асгат,42204,Ямаа,4.22,3.22,3.98,4.98,5.37,6.01,6.65,4.73,5.8,5.94,4.5,5.11,4.76,5.13,5.66,6.1,6.6,6.57,6.85,7.53,6.98,6.59,7.56,9.21,10.57,12.79,14.55,15.24,18.14,20.6,21.91,23.6,26.44,30.08,29.15,29.16,32.07,33.17,29.11,33.43,34.37,32.06,34.903,34.445,38.95,40.128,41.147,51.091,54.481,54.19,56.943
                Баяндэлгэр,42207,Бүгд,111.82,103.66,118.21,128.26,126.69,123.8,127.92,134.19,136.07,140.82,138.06,146.44,141.88,121.03,132.11,139.81,142.76,116.02,137.91,147.7,143.59,147.76,157.3,170.39,152.38,139.16,143.8,147.68,173.93,194.81,203.61,187.58,204.07,225.97,203.63,159.04,167.52,189.78,202.87,237.26,269,271.77,295.839,330.256,374.517,405.917,355.634,407.479,466.031,508.091,503.473
                Баяндэлгэр,42207,Адуу,12.46,11.27,11.28,11.5,12.09,12.36,12.98,12.96,13.33,13.84,11,11.85,7.65,7.7,9.69,10.05,10.68,10.25,10.7,11.28,9.84,10.29,10.99,11.9,11.4,11.77,12.01,13.71,15.75,17.64,18.21,15.63,16.78,17.74,15.12,12.32,11.87,12.73,12.39,14.45,16.07,16.54,17.733,19.049,21.54,23.428,17.453,20.167,22.643,23.644,23.251
                Баяндэлгэр,42207,Үхэр,8.16,8.36,9.36,10.25,11.14,11.45,12.56,13.4,14.06,14.08,13.19,13.58,12.88,11.16,11.75,12.57,13.77,12.42,13.2,14.45,14.39,14.87,16.1,17.34,16.72,17.47,17.07,17.71,20.37,23.57,24,15.08,15.56,17.98,14.52,9.29,9.36,10.75,11.79,13.94,16.96,18.04,19.225,21.843,24.246,25.738,18.605,20.768,24.339,26.881,27.884
                Баяндэлгэр,42207,Тэмээ,2.48,2.45,2.45,2.52,2.74,2.95,3.17,3.26,3.36,3.44,2.94,3.1,3,2.91,3.07,2.99,2.85,2.42,2.42,2.45,2.34,2.19,2.04,2.09,1.88,1.48,1.37,1.41,1.42,1.42,1.41,1.37,1.37,1.39,1.17,0.94,0.79,0.81,0.78,0.91,0.96,0.95,0.858,0.822,0.871,0.872,0.844,0.898,0.926,0.911,0.961
                Баяндэлгэр,42207,Хонь,64.26,60.69,70.53,76.67,74.92,70.46,71.44,75.33,75.37,79.25,82.05,86.31,86.38,74.08,77.15,79.76,80.19,64.95,76.55,80.56,77.06,79.47,86.98,92,78.55,63.82,65.1,66.85,77.46,87.71,93.33,89.17,90.77,94.86,87.94,73.97,77.35,86.09,93.41,109.1,125.81,128.22,141.351,160.011,183.743,200.626,191.567,220.538,251.143,273.485,269.911
                Баяндэлгэр,42207,Ямаа,24.46,20.9,24.59,27.31,25.81,26.58,27.77,29.23,29.94,30.22,28.88,31.59,31.98,25.18,30.44,34.44,35.27,25.98,35.04,38.96,39.96,40.94,41.19,47.06,43.84,44.63,48.26,48,58.94,64.47,66.67,66.33,79.6,94,84.89,62.52,68.16,79.4,84.51,98.86,109.2,108.02,116.672,128.531,144.117,155.253,127.165,145.108,166.98,183.17,181.466
                Дарьганга,42210,Бүгд,78.89,73.29,84.07,87.15,80.03,79.46,79.81,83.11,84.03,86.22,87.53,87.19,63.26,64.1,71.61,66.34,63.12,55.67,62.59,62.23,63.8,64.72,64.31,66.46,66.56,67.27,69.79,73.01,80.57,90.81,100.31,86.74,94.05,101.43,107.14,113.35,117.98,109.6,102.32,116.19,134.2,135.65,137.198,142.608,162.658,182.676,184.254,213.635,220.783,226.717,224.918
                Дарьганга,42210,Адуу,5.62,5.81,6.09,6.4,6.79,6.68,7.21,7.38,7.15,7.34,7.45,7.72,4.2,5.64,6.95,6.93,7.41,7.43,7.77,7.81,8.15,8.56,7.51,7.86,8.08,8.47,8.98,9.66,10.13,10.92,11.24,10.53,11.14,11.4,11.68,12.49,12.68,10.83,8.98,9.25,11.37,12.78,13.537,14.455,16.614,18.275,19.633,22.579,24.016,24.454,24.781
                Дарьганга,42210,Үхэр,5.28,5.5,5.78,6.38,7.13,7.28,7.67,8.17,8.03,8.04,8.06,8.09,6.6,6.6,7.34,7.6,8.01,7.27,7.56,7.96,8.23,8.51,8.62,8.97,9.35,10.07,9.28,9.55,10.24,11.75,12.33,7.79,8.35,9.83,10.17,10.45,10.82,9.23,8.69,9.48,12.51,12.51,13.218,14.448,15.739,17.185,17.346,19.667,20.398,21.677,22.41
                Дарьганга,42210,Тэмээ,0.93,0.81,0.89,0.82,0.83,0.79,0.81,0.78,0.77,0.79,0.78,0.82,0.75,0.75,0.78,0.75,0.8,0.74,0.78,0.78,0.86,0.67,0.55,0.55,0.55,0.53,0.54,0.54,0.55,0.6,0.57,0.54,0.54,0.58,0.59,0.59,0.51,0.41,0.35,0.37,0.43,0.45,0.373,0.299,0.24,0.241,0.194,0.205,0.212,0.174,0.159
                Дарьганга,42210,Хонь,56.63,51.8,60.47,62.38,55.84,53.88,53.66,57.23,57.56,59.49,61.48,60.15,44.3,44.1,48.87,44.32,40.49,34.6,40.32,39.08,39.09,39.61,39.16,39.23,37.53,35.23,36.38,36.98,41.32,46.85,52.41,46.79,48.8,50.11,51.82,55.47,57.5,51.94,48.68,55.73,64.88,64.88,64.983,69.105,78.815,89.021,92.252,107.743,112.957,114.862,112.388
                Дарьганга,42210,Ямаа,10.44,9.37,10.84,11.16,9.45,10.83,10.46,9.55,10.53,10.56,9.75,10.41,7.42,7.01,7.67,6.74,6.42,5.63,6.16,6.6,7.47,7.38,8.47,9.85,11.04,12.98,14.6,16.29,18.33,20.69,23.75,21.1,25.22,29.5,32.89,34.36,36.46,37.18,35.63,41.36,45.02,45.03,45.087,44.301,51.25,57.954,54.829,63.441,63.2,65.55,65.18
                    Мөнххаан,42213,Бүгд,118.92,106.1,103.27,107.95,115.98,115.78,102.49,102.3,107.55,111.16,80.76,90.95,90.77,84.5,85.8,86.39,83.47,84.16,79.09,79.61,77.52,78.32,96.96,99.54,105.49,99.77,103.04,111.95,125.09,135.11,132.62,130.77,133.38,137.05,147.43,150.73,171.98,166.68,128.65,159.64,187.09,215.42,243.489,266.517,313.431,344.007,378.678,462.992,457.653,427.481,441.354
                    Мөнххаан,42213,Адуу,23.89,24.19,21.68,21.97,22.19,22.39,18.19,15.75,16.12,16.15,12.65,13.68,13.05,12.69,13.11,13.02,13.2,12.86,13.29,13.44,11.67,11.09,12.91,13.89,14.62,15.2,16.07,17.49,19.37,22.21,22.8,21.25,20.62,19.71,20.15,19.8,20.89,17.82,9.03,10.25,12.51,14.64,17.56,20.326,24.09,28.471,33.713,41.21,39.345,36.054,37.618
                    Мөнххаан,42213,Үхэр,16.95,16.67,16.94,16.77,18.14,18.48,17.55,16.95,18.6,19.41,14.72,15.76,15.44,15.17,14.33,14.89,14.54,14.32,12.87,13.09,12.92,12.45,15.23,16.37,17.74,17.93,17.45,18.39,19.99,22.28,21.14,14.36,14.64,14.39,14.47,13.5,14.76,12.47,5.12,6.2,8.34,10.3,12.453,14.621,18.49,21.588,24.23,29.137,28.38,29.768,31.672
                    Мөнххаан,42213,Тэмээ,1.67,1.73,1.72,1.76,1.79,1.74,1.68,1.52,1.53,1.52,1.37,1.42,1.28,1.22,1.23,1.24,1.22,1.22,1.17,1.15,0.96,0.94,1.07,1.14,1.14,1.14,1.15,1.18,1.24,1.24,1.17,1.15,1.17,1.22,1.26,1.16,1.16,0.99,0.75,0.78,0.85,0.85,0.813,0.711,0.629,0.619,0.615,0.7,0.657,0.65,0.574
                    Мөнххаан,42213,Хонь,64.07,53.95,52.57,55.62,62.02,60.45,53.5,56.07,57.98,60.64,42.81,48.17,49.75,44.5,46.53,46.01,42.75,44.01,41.19,40.86,41.98,42.36,52.24,51.02,52.03,44.73,45.52,49.36,55.39,59.76,59.4,61.65,60.37,60.02,63.91,66.99,77.91,73.94,62.45,78.65,93.45,102.35,117.003,129.278,153.07,168.321,190.473,237.19,240.023,221.464,224.384
                    Мөнххаан,42213,Ямаа,12.35,9.56,10.36,11.84,11.84,12.71,11.57,12.02,13.32,13.45,9.21,11.91,11.26,10.92,10.6,11.23,11.76,11.74,10.57,11.07,9.99,11.48,15.51,17.12,19.96,20.78,22.86,25.53,29.1,29.63,28.11,32.36,36.59,41.71,47.64,49.29,57.28,61.46,51.31,63.76,71.93,87.27,95.66,101.581,117.152,125.008,129.647,154.755,149.248,139.545,147.106
                    Наран,42216,Бүгд,42.9,45.95,47.57,50.77,46.94,46.41,46.91,50.41,51.96,52.4,52.72,51.67,38.59,40.34,46.15,47.3,49.67,52.75,54.8,55.56,57.82,58.65,58.23,53.34,48.16,43.9,46.69,53.06,54.73,62.62,73.39,75.73,75.74,72.51,75.11,67.08,62.59,73.63,83.97,95.33,105.86,96.08,98.346,109.091,123.652,131.24,115.693,129.121,132.437,135.798,124.533
                    Наран,42216,Адуу,4.39,4.29,4.25,4.67,4.71,5.1,5.33,5.23,5.43,5.59,5.08,5.18,2.85,3.09,4.86,4.92,5.07,4.62,4.75,4.1,4,4.5,4.07,4.57,4.41,4.18,4.56,4.84,5.69,6.16,7.29,7.69,7.61,6.05,6.08,5.38,4.43,4.84,4.96,5.7,6.45,6.42,6.649,7.156,8.071,8.854,8.873,9.763,10.145,10.109,8.646
                    Наран,42216,Үхэр,4.98,5.2,5.39,6.14,6.79,6.93,7.2,7.49,8.23,8.41,8.25,7.52,5.29,5.51,5.8,5.88,5.87,5.92,5.85,6.16,6.55,6.85,7.02,7.17,6.88,6.78,7.11,8.06,8.87,9.93,10.68,8.46,8.19,7.59,6.9,5.67,5.02,5.88,6.92,7.82,9.15,8.59,8.873,9.902,10.86,11.348,9.99,10.882,11.844,12.785,12.655
                    Наран,42216,Тэмээ,0.79,0.85,0.93,0.96,0.98,0.91,0.93,0.94,1,1.03,1.05,1.03,0.91,0.87,0.85,0.86,0.76,0.72,0.74,0.72,0.71,0.65,0.61,0.61,0.57,0.36,0.32,0.33,0.34,0.38,0.4,0.4,0.4,0.4,0.41,0.39,0.36,0.36,0.4,0.43,0.5,0.44,0.407,0.331,0.334,0.277,0.231,0.242,0.201,0.211,0.211
                    Наран,42216,Хонь,27.16,29.57,30.51,31.99,28.56,26.96,26.99,30.23,29.81,29.82,31.58,30.63,24,25.94,28.81,29.73,31.81,35.29,37.39,38.13,39.83,39.91,38.6,33.26,28.19,23.82,24.43,27.55,27.14,30.92,37,38.67,36.66,34.67,35.72,33.62,31.52,35.7,40.55,47.1,53.8,46.72,48.372,55.027,63.777,68.902,61.049,69.8,71.704,72.737,66.267
                    Наран,42216,Ямаа,5.59,6.04,6.51,7.01,5.91,6.52,6.46,6.52,7.48,7.56,6.76,7.3,5.54,4.93,5.83,5.91,6.17,6.2,6.08,6.45,6.72,6.75,7.92,7.73,8.11,8.75,10.28,12.28,12.68,15.23,18.03,20.52,22.88,23.79,25.99,22.02,21.25,26.85,31.14,34.29,35.96,33.9,34.045,36.675,40.61,41.859,35.55,38.434,38.543,39.956,36.754
                    Онгон,42219,Бүгд,101.7,91.88,104.99,113.87,106.74,110.04,106.69,108.94,109.67,111.57,110.14,105.55,90.78,94.54,106.83,113.65,116.47,85,100.16,106.43,109.91,110.17,123.78,118.05,104.75,97.88,105.63,117.98,121.85,143.96,158.12,153.85,159.92,161.99,151.02,124.9,134.49,146.32,147.2,169.55,184.68,187.04,207.014,228.517,256.435,277.48,251.091,286.952,319.051,331.647,342.129
                    Онгон,42219,Адуу,10.33,8.94,9.03,9.4,9.31,9.75,10.17,10.48,10.67,10.87,10.09,10.85,5.43,6.26,10.29,10.53,11.19,11.41,11.87,11.73,12.18,11.36,13.02,12.05,11.77,11.41,11.7,13.38,13.78,15.75,16.42,16.61,17.21,16.47,15.43,12.89,12.2,12.22,9.95,10.5,11.2,11.52,13.154,14.538,16.186,17.613,17.267,18.968,20.105,19.608,19.693
                    Онгон,42219,Үхэр,6.83,6.94,7.21,7.82,8.71,9.59,10.7,10.86,11.12,11.15,10.76,10.91,10.57,9.9,11.22,11.88,12.3,11.08,11.71,12.98,13.74,13.44,14.88,14.09,13.45,13.38,13.43,14.61,15.16,18.27,19.32,14.82,14.95,14.96,12.94,8.43,8.75,9.27,9.85,11.19,11.95,12.76,13.991,16.151,18.316,19.667,17.095,19.067,21.186,23.169,25.037
                    Онгон,42219,Тэмээ,2.31,2.33,2.42,2.44,2.29,2.45,2.57,2.28,2.46,2.52,2.32,2.38,2.1,2.06,2.22,2.3,2.43,2.18,2.25,2.28,2.32,2.01,1.69,1.32,1.11,1.05,0.99,1.05,1.05,1.07,1.1,1.11,1.14,1.19,1.16,1.01,0.99,1.01,1,1.12,1.18,1.18,1.033,0.955,0.827,0.829,0.718,0.772,0.811,0.804,0.79
                    Онгон,42219,Хонь,68.68,62.43,73.37,80.14,74.61,74.9,70.35,73.58,73.24,74.82,77.07,70.77,63.53,66.97,72.04,76.7,77.41,51.3,63.32,66.98,69.46,70.27,77.97,72.78,60.71,53.61,57.57,63.6,65.24,77.23,84.53,84.13,84.21,82.38,77.73,67.34,72.3,76.63,79.5,93.08,102.52,103,115.555,128.017,142.902,154.701,145.252,168.462,187.465,196.542,201.736
                    Онгон,42219,Ямаа,13.55,11.24,12.97,14.07,11.82,13.35,12.9,11.73,12.19,12.22,9.9,10.63,9.16,9.35,11.06,12.23,13.16,9.04,11.01,12.46,12.22,13.09,16.22,17.81,17.72,18.42,21.95,25.34,26.62,31.65,36.75,37.19,42.42,46.98,43.76,35.22,40.25,47.19,46.9,53.66,57.84,58.58,63.281,68.856,78.204,84.67,70.759,79.683,89.484,91.524,94.873
                    Сүхбаатар,42222,Бүгд,78.45,72.02,74.13,77.56,85.12,84.48,83.6,87.54,89.11,92.77,59.98,73.63,76.23,57.52,66.78,66.87,68.6,71.04,69.58,74.69,73.91,75.11,79.67,78.68,73.72,72.27,74.07,81.36,91.88,104.99,114.31,114.31,125,137.3,139.38,141.5,157.76,167.75,143.46,155.06,159.75,168.31,186.85,198.188,220.556,229.826,236.1,286.155,331.209,359.718,381.472
                    Сүхбаатар,42222,Адуу,11.49,10.14,9.19,9.38,9.22,9.4,9.66,8.86,8.91,9.45,7.62,8.15,8.48,8.03,11.2,10.81,10.38,10.36,10.65,10.63,10,9.95,9.99,10.24,10.85,11.74,12.3,13.41,14.57,15.88,17.2,18.58,19.73,21.4,21.65,20.9,21.01,20.43,12.8,12.98,13.93,15.4,17.061,18.654,21.33,22.102,23.127,26.988,31.863,32.549,35.598
                    Сүхбаатар,42222,Үхэр,6.62,6.76,6.52,6.74,7.3,7.52,7.83,7.78,8.19,7.94,6.01,6.4,6.8,6.28,7.22,7.33,7.46,7.68,7.6,7.85,8.13,8.36,8.88,9.2,10.47,11.42,11.48,12.26,13.32,15.65,16.3,10.05,10.47,11.97,11.39,10.71,11.07,10.24,6.99,7.17,7.87,8.78,10.346,11.86,14.231,14.739,15.422,18.382,21.013,23.076,24.722
                    Сүхбаатар,42222,Тэмээ,1.7,1.68,1.65,1.74,1.83,1.96,2.01,1.96,2.03,2.03,1.7,1.88,1.9,1.67,1.68,1.73,1.74,1.74,1.68,1.71,1.56,1.44,1.38,1.42,1.45,1.57,1.51,1.55,1.58,1.64,1.65,1.65,1.68,1.77,1.74,1.6,1.57,1.57,1.28,1.29,1.3,1.27,1.283,1.294,1.206,1.131,1.026,1.05,1.139,1.117,1.083
                    Сүхбаатар,42222,Хонь,54.94,50.14,53.51,55.9,62.95,61.32,59.57,64.2,65.05,68.38,41.34,53.3,55.03,38.12,43.21,43.18,45,47.31,45.63,49.64,49.27,49.93,53.24,50.94,42.95,38.19,38.05,41.19,47.15,55.35,60.84,62.69,66.59,69.55,69.55,71.19,79.89,85.79,76.45,82.59,86.58,88.82,97.752,105.655,116.56,124.1,129.373,158.027,183.202,201.592,211.517
                    Сүхбаатар,42222,Ямаа,3.7,3.3,3.26,3.8,3.82,4.27,4.53,4.74,4.93,4.98,3.31,3.9,4.01,3.42,3.48,3.81,4.01,3.95,4.02,4.86,4.94,5.43,6.19,6.88,8,9.35,10.72,12.95,15.26,16.47,18.33,21.35,26.52,32.61,35.04,37.1,44.23,49.72,45.95,51.04,50.07,54.05,60.408,60.725,67.229,67.754,67.152,81.708,93.992,101.384,108.552
                    Түвшинширээ,42225,Бүгд,81.59,72.4,76.38,84.2,89.98,90.91,91.54,94.81,98.32,102.35,101.71,106.91,88.53,74.76,84.62,89.5,93.32,86.43,83.65,85.72,81.76,84.07,87.96,,86,76.75,76.86,85.15,99.41,112.33,103.61,95.77,106.79,126.87,129.09,133.62,128.71,132.88,117.83,144.62,171.57,196.17,216.595,254.51,288.157,308.055,274.003,306.188,318.057,321.988,314.714
                    Түвшинширээ,42225,Адуу,12.48,11.03,10.32,10.64,11.11,10.99,10.98,10.29,11.2,11.82,11.36,11.93,5.88,5.63,8.91,9.25,9.77,9.45,9.47,9.47,8.41,8.14,7.95,,8.93,9.4,9.91,11.09,12.04,13.7,13.31,9.11,9.63,10.75,10.43,10.48,9.6,8.46,6.12,7.37,8.89,10.22,11.151,13.212,15.405,16.571,16.842,18.435,18.407,18.364,17.355
                    Түвшинширээ,42225,Үхэр,8.16,8.03,8.27,9.02,10.24,10.5,10.76,10.65,11.65,12.01,12.39,12.41,10.75,10,10.22,10.9,11.43,10.87,9.9,10.26,10.51,10.44,10.08,,11.35,11.49,11.11,12.02,13.03,14.75,13.26,6.8,7.21,8.84,8.63,8.47,8.07,7.94,5.43,6.91,8.46,10.01,10.97,12.774,14.108,14.678,12.584,13.458,14.446,15.043,15.631
                    Түвшинширээ,42225,Тэмээ,2.06,1.93,2.05,1.85,1.94,1.95,2.07,1.88,1.96,2.01,2.16,2.22,2.16,2.15,2.23,2.28,2.37,2.29,2.3,2.41,2.25,1.69,1.35,,1.16,1.12,1.16,1.24,1.27,1.37,1.35,1.33,1.34,1.47,1.44,1.36,1.22,1.17,1.06,1.13,1.27,1.3,1.239,1.227,1.221,1.231,1.253,1.293,1.28,1.204,1.146
                    Түвшинширээ,42225,Хонь,46.85,41.26,43.72,48.88,51.53,51.11,50.27,53.76,53.8,56.56,55.54,58.68,52.16,42.79,47.66,50.04,51,46.72,44.24,44.94,43.24,45.71,48.07,,41.22,32.09,30.84,33.33,38.95,45.52,42.99,42.43,43.8,50.21,51.17,55.27,54.76,56.64,53.36,65.22,78.78,89.29,99.235,120.026,135.657,146.857,140.59,158.752,166.92,169.145,163.434
                    Түвшинширээ,42225,Ямаа,12.05,10.15,12.03,13.81,15.16,16.35,17.46,18.23,19.71,19.96,20.26,21.67,17.58,14.19,15.61,17.04,18.74,17.1,17.74,18.63,17.36,18.09,20.5,,23.33,22.66,23.84,27.47,34.12,37,32.7,36.09,44.8,55.59,57.42,58.04,55.05,58.68,51.86,64,74.18,85.34,94,107.271,121.766,128.718,102.734,114.25,117.004,118.232,117.148
                    Түмэнцогт,42228,Бүгд,20.38,18.04,17.66,19.7,22.17,23.09,23.12,23.95,26,26.83,26.72,28.91,27.43,26.16,26.7,26.54,28.39,29.92,30.05,31.74,32.27,32.21,34.5,,38.28,38.47,38.49,42.21,45.77,50.88,53.97,52.02,55.15,49.45,53.78,65.07,73.29,79.04,53.28,60.78,58.23,67.74,71.224,71.522,81.907,95.385,108.442,126.399,141.202,140.482,135.626
                    Түмэнцогт,42228,Адуу,3.23,3.42,3.48,3.59,3.94,4.2,4.32,4.26,4.46,4.75,4.5,4.87,4.96,4.84,5.03,5.01,4.93,4.71,4.79,5.01,5.14,5.36,5.48,,6.46,7.05,7.49,8.17,8.62,9.36,10,9.38,9.73,9.12,8.82,9.69,10.04,9.92,4.68,5.14,5.88,7.62,8.947,9.809,11.135,13.983,13.992,16.978,17.162,14.699,15.557
                    Түмэнцогт,42228,Үхэр,9.67,9.7,8.98,9.2,9.66,10.01,10.45,11.25,12.72,12.9,13.62,15.13,13.86,13.25,12.41,12.6,13.2,14.32,13.46,13.66,12.76,12.97,14.04,,15.23,13.33,12.6,13.17,13.73,14.28,13.63,9.32,8.96,7.66,7.09,7.95,8.46,8.07,3.53,4.02,4.58,5.13,5.825,6.695,7.857,9.291,11.076,11.969,13.505,14.009,12.759
                    Түмэнцогт,42228,Тэмээ,0.29,0.22,0.18,0.17,0.17,0.17,0.18,0.19,0.21,0.22,0.24,0.27,0.28,0.27,0.27,0.26,0.29,0.29,0.31,0.3,0.3,0.28,0.3,,0.34,0.36,0.37,0.4,0.39,0.38,0.36,0.32,0.33,0.31,0.35,0.45,0.45,0.43,0.38,0.36,0.38,0.37,0.32,0.26,0.267,0.268,0.257,0.285,0.286,0.278,0.228
                    Түмэнцогт,42228,Хонь,7.16,4.67,4.97,6.67,8.29,8.59,8.04,8.13,8.46,8.85,8.23,8.52,8.19,7.67,8.87,8.55,9.76,10.37,11.21,12.42,13.63,12.74,13.35,,13.45,13.64,13.05,14.27,15.68,18.08,19.67,20.15,20.6,17.73,19.78,25.12,28.57,31.12,24.68,27.83,27.14,29.9,31.324,31.089,34.433,39.761,46.764,54.445,61.979,63.167,62.739
                    Түмэнцогт,42228,Ямаа,0.04,0.05,0.06,0.07,0.11,0.11,0.13,0.13,0.15,0.11,0.13,0.12,0.14,0.12,0.11,0.12,0.21,0.24,0.28,0.34,0.45,0.87,1.32,,2.81,4.09,4.99,6.2,7.36,8.78,10.31,12.85,15.53,14.63,17.74,21.86,25.77,29.49,20.01,23.44,20.25,24.71,24.808,23.669,28.215,32.082,36.353,42.722,48.27,48.329,44.343
                    Уулбаян,42231,Бүгд,108.94,93.49,98.82,104.43,116.33,119.13,116.47,115.65,122.92,128.54,126.63,128.12,123.29,92.51,102.12,107.44,110.09,100.47,95.9,98.08,100.51,105.41,111.09,,110.16,105.66,103.07,113.36,133.99,142.26,126.22,122.8,129.9,141.57,126.66,111.49,116.61,126.41,100,121.1,145.32,158.23,177.073,201.089,220.871,240.94,235.108,255.087,250.057,245.47,241.807
                    Уулбаян,42231,Адуу,14.62,14.01,13.35,13.71,14.27,15.39,14.71,13.52,14.06,14.87,14.95,15.33,14.79,12.61,13.38,12.9,13.12,13.04,12.81,12.58,11.23,10.84,10.83,,12.61,13.53,13.7,15.22,17.25,18.5,16.54,14,14.65,15.28,12.98,10.1,10.08,9.62,5.75,6.8,7.96,8.96,10.37,11.905,13.622,16.028,17.155,18.593,17.35,17.264,17.95
                    Уулбаян,42231,Үхэр,8.11,7.62,8.07,8.12,9.34,10.13,10.8,10.83,12.2,12.5,12.72,13.52,12.89,11.92,13.07,13.13,13.4,12.41,10.37,10.59,11.24,11.2,12.07,,14.64,15.25,13.74,14.53,16.17,17.42,14.6,10.23,10.27,11.26,8.99,7.22,7.2,7.4,4.46,5.24,6.31,7.47,8.68,10.168,11.593,12.746,12.235,12.956,13.343,13.508,14.079
                    Уулбаян,42231,Тэмээ,1.96,1.85,1.93,1.98,2.09,2.2,2.11,2.06,2.19,2.3,2.46,2.46,2.1,1.99,2.01,1.99,2,1.86,1.83,1.88,1.67,1.48,1.27,,1.31,1.33,1.39,1.52,1.64,1.67,1.54,1.55,1.64,1.66,1.6,1.45,1.34,1.35,1.17,1.26,1.37,1.38,1.209,1.139,1.164,1.097,1.067,1.103,0.981,0.861,0.767
                    Уулбаян,42231,Хонь,78.27,64.83,69.72,74.26,82.96,82.78,79.43,79.7,84.27,87.71,85.96,84.95,82.08,57.45,64,68.7,70.37,63.51,61.42,62.71,66.25,70.62,72.93,,63.64,56.35,54.05,58.34,69.38,74.73,67.07,66.58,66.66,68.94,63.38,58.09,60.58,64.7,54.1,64.76,79.02,84.08,93.253,108.569,119.662,129.469,130.23,143.881,140.207,136.411,131.285
                    Уулбаян,42231,Ямаа,6,5.19,5.76,6.36,7.69,8.63,9.41,9.55,10.2,11.15,10.56,11.86,11.42,8.55,9.66,10.72,11.21,9.65,9.46,10.32,10.12,11.26,13.99,,17.96,19.2,20.19,23.75,29.55,29.94,26.47,30.45,36.68,44.43,39.71,34.64,37.41,43.34,34.53,43.04,50.66,56.33,63.561,69.308,74.83,81.6,74.421,78.554,78.176,77.426,77.726
                    Халзан,42234,Бүгд,54.55,48.6,48.7,56.2,58.68,57.95,54.54,55.93,58.06,62.74,61.27,65.87,52.93,48.22,52.82,54.45,56.77,51.17,49.3,52.86,54.27,58.03,61.09,,61.74,50.79,53.16,59.5,70.75,79.45,80.8,72.12,79.89,89.32,79,79.6,84.47,85.07,68.28,79.51,88.82,96.98,109.68,118.438,131.251,141.029,139.3,161.285,151.953,162.69,164.783
                    Халзан,42234,Адуу,7.6,6.59,5.52,5.68,5.37,5.6,5.58,5.62,5.8,5.97,5.91,6.06,5.47,5.13,5.52,5.69,5.99,5.92,6.32,6.18,6.24,6.29,6.43,,6.75,6.41,6.7,7.41,8.29,9.39,9.47,8.94,9.92,10.61,9.64,9.64,9.48,7.68,4.32,5.12,5.83,6.83,7.603,9.145,10.425,11.89,13.66,15.594,15.677,16.424,16.476
                    Халзан,42234,Үхэр,5.99,5.01,5.04,5.63,6,6.22,6.34,6.17,6.8,7.08,6.77,7,6.06,5.19,5.54,5.76,6.03,5.47,5.53,5.97,6.01,5.61,6.22,,6.91,6.74,6.4,6.92,8.24,10.12,10.2,5.05,5.61,6.64,5.27,5.29,5.32,5,3.56,4.19,4.84,5.64,6.57,7.673,8.659,9.39,9.509,11.131,11.055,12.037,12.861
                    Халзан,42234,Тэмээ,1.35,1.36,1.27,1.34,1.4,1.47,1.42,1.24,1.35,1.42,1.53,1.6,1.52,1.5,1.54,1.57,1.6,1.49,1.29,1.35,1.22,0.89,0.81,,0.67,0.65,0.66,0.66,0.65,0.67,0.67,0.59,0.63,0.65,0.61,0.61,0.56,0.51,0.49,0.49,0.51,0.48,0.434,0.366,0.391,0.325,0.277,0.277,0.211,0.186,0.138
                    Халзан,42234,Хонь,34.32,31.53,32.57,38.51,40.33,38.3,34.88,37.1,37.57,41.31,40.19,43.36,34.2,31.57,34.8,35.61,37.13,33.86,32.21,34.64,36.07,39.88,41.2,,38.19,27.89,28.67,31.45,36.96,41.12,41.62,37.99,38.82,41.13,37,37.11,39.6,40.61,34.42,40.06,45.5,49.31,57.133,62.157,69.907,75.303,75.52,89.11,82.835,87.95,87.558
                    Халзан,42234,Ямаа,5.3,4.11,4.3,5.03,5.58,6.35,6.31,5.8,6.54,6.96,6.89,7.86,5.67,4.84,5.42,5.83,6.02,4.44,3.95,4.72,4.73,5.35,6.43,,9.22,9.1,10.74,13.06,16.62,18.16,18.84,19.55,24.91,30.29,26.47,26.94,29.52,31.27,25.49,29.64,32.13,34.72,37.94,39.097,41.869,44.121,40.334,45.173,42.175,46.093,47.75
                    Эрдэнэцагаан,42237,Бүгд,149.2,130.26,149.25,165.24,158.46,158.81,161.41,167.24,168.57,171.65,161.98,177.89,163.99,172.01,171.22,158.84,143.05,112.02,124.68,125.27,122.68,119.12,123.69,,115.06,102.06,102.42,107.93,121.08,134.23,142.03,137.64,142.48,147.37,151.52,159.54,175.94,193.84,180.54,197.95,197.99,193.11,198.929,197.201,208.838,235.109,263.564,320.337,362.781,380.974,398.889
                    Эрдэнэцагаан,42237,Адуу,13.57,12.84,13.05,13.18,13.52,14.15,14.79,14.3,14.24,14.38,12.74,13.6,13.95,14.64,15.66,15.46,15.89,15.37,16.26,16.37,16.49,16.25,16.71,,17.41,17.71,18.38,19.11,20.28,21.76,22.04,22.3,22.39,23.22,23.26,23.61,24.06,24.78,21.58,22.55,23.27,25.42,26.923,27.318,29.6,33.783,37.863,42.82,46.722,46.113,47.457
                    Эрдэнэцагаан,42237,Үхэр,12.33,11.63,11.79,12.83,13.42,14.13,14.67,14.18,15.36,15.35,12.85,14.01,11.07,11.78,12.84,13.06,13.28,11.46,12.4,12.63,12.71,13.21,14.24,,16.18,16.56,16.89,18.21,20.14,23.33,24.53,19.4,19.4,20.71,20.77,20.82,21.28,21.9,19.11,19.4,19.31,17.92,17.925,18.364,19.061,20.974,22.636,25.423,28.212,29.533,29.915
                    Эрдэнэцагаан,42237,Тэмээ,1.44,1.34,1.36,1.46,1.47,1.55,1.65,1.6,1.63,1.64,1.55,1.57,1.57,1.53,1.44,1.36,1.14,0.93,0.89,0.79,0.87,0.81,0.8,,0.88,0.88,0.9,0.94,0.95,1,1.02,1.03,1.09,1.13,1.11,1.11,1.11,1.11,0.98,0.97,0.94,0.88,0.788,0.685,0.639,0.672,0.679,0.715,0.749,0.69,0.734
                    Эрдэнэцагаан,42237,Хонь,100.01,86.88,104.06,116.41,113.33,111.16,111.75,117.75,118.03,121.67,117.6,131.23,122.1,129.8,126.42,115,99.69,75.34,84.74,84.18,81.68,77.82,79.3,,65.69,50.64,47.94,48.56,54.33,60.1,64.05,61.47,58.61,53.47,53.51,56.45,62.26,67.25,65.1,72.03,73.96,70,72.119,73.805,77.873,87.088,99.694,123.079,141.195,148.606,155.835
                    Эрдэнэцагаан,42237,Ямаа,21.86,17.58,18.98,21.37,16.72,17.82,18.55,19.41,19.31,18.62,17.26,17.48,15.3,14.27,14.86,13.95,13.06,8.92,10.39,11.29,10.94,11.03,12.64,,14.9,16.28,18.31,21.12,25.4,28.04,30.38,33.43,40.99,48.84,52.88,57.55,67.22,78.8,73.75,82.99,80.51,78.89,81.174,77.029,81.665,92.592,102.692,128.3,145.903,156.032,164.948
            Хэнтий,423,Бүгд,1316.16,1331.04,1324.33,1316.38,1397.22,1403.82,1334.21,1266.52,1387.16,1431.81,1345.32,1447.27,1453.88,1363.34,1308.1,1241.99,1241.99,1262.47,1297.3,1423.27,1498.65,1380.39,1352.68,1183.44,1104.03,1100.91,1150.46,1253.96,1388.7,1462.27,1471.37,1356.71,1378.5,1451.75,1505.29,1689.74,1894.64,2183.17,2136.95,2251.07,2180.69,2379.11,2610.387,2875.334,3268.826,3551.191,3903.57,4409.317,4644.907,4868.361,4667.885
            Хэнтий,423,Адуу,171.46,170.45,159.29,156.9,163.18,164.17,159.15,146.37,147.2,151.01,140.85,145.71,146.91,140.25,139.7,134.74,134.74,137.18,138.37,141.58,142.45,139.06,138.1,136.25,146.33,154.61,162.31,172.26,183.18,194.27,192.79,174.54,169.78,170.66,168.15,171.05,176,178.97,143.25,136.28,143.68,156.45,172.578,195.587,220.552,247.995,280.767,312.066,318.904,325.384,321.514
            Хэнтий,423,Үхэр,177.64,184.8,180.92,177.38,190.5,196.95,195.11,192.35,203.89,204.58,189.48,194.44,194.81,186.79,182.08,172.59,172.59,176.73,170.53,184.93,197.06,188.4,187.24,167.32,174.4,178.43,186.35,201.87,216.95,229.07,217.99,150.07,144.02,139.04,138.31,148.17,162.86,172.89,158.61,162.55,157.67,165.72,182.734,207.18,239.833,270.556,296.212,335.295,353.027,381.225,374.718
            Хэнтий,423,Тэмээ,14.5,14.2,13.1,12.91,12.97,12.61,11.72,11.23,11.63,11.69,11.1,11.23,10.63,10.1,9.81,9.26,9.26,9.12,9.49,9.77,9.88,8.79,7.85,7.2,7.3,7.1,7.09,7.07,7.26,7.33,7.26,6.41,6.22,5.9,5.51,5.08,5.09,4.77,4.04,3.68,3.71,3.7,3.671,3.586,3.78,4.048,4.331,4.198,4.299,4.256,4.024
            Хэнтий,423,Хонь,837.86,845.23,851.69,848.23,898.92,894.94,838.28,788.53,879.57,912.34,863.07,933.58,937.1,871.6,828.39,783.81,783.81,789.65,823.94,901.84,950.18,865.83,825.25,667.59,564.67,520.3,527.46,567.67,626.86,677.95,688.64,648,644.08,659.08,687.34,782.29,879.87,1008.33,1008.23,1085.69,1068.29,1146.54,1277.747,1408.743,1599.314,1738.666,1938.138,2212.453,2353.528,2454.864,2344.743
            Хэнтий,423,Ямаа,114.71,116.37,119.32,120.96,131.65,135.15,129.95,128.04,144.87,152.2,140.83,162.31,164.43,154.6,148.13,141.59,141.59,149.8,154.97,185.16,199.08,178.31,194.25,205.08,211.34,240.47,267.25,305.1,354.44,353.65,364.69,377.69,414.41,477.07,505.98,583.15,670.83,818.23,822.82,862.88,807.34,906.7,973.657,1060.238,1205.347,1289.926,1384.122,1545.305,1615.149,1702.632,1622.886
                Хэрлэн,42301,Бүгд,52.65,44.81,45.44,46.09,100.99,49.7,50.3,50.44,52.5,52.68,46.01,50.93,50.75,50.52,50.97,47.93,47.93,48.65,51.1,55.45,57.39,54.26,48.94,47.38,49.63,84.46,87.17,101.39,91.28,94.31,132.66,105.08,95.46,115.08,121.64,133.16,150.47,180.25,181.32,199.01,191.82,203.8,229.085,262.777,316.003,338.276,380.457,440.362,487.554,520.416,504.824
                Хэрлэн,42301,Адуу,2.91,3.19,3.16,3.44,11.25,3.76,3.68,3.46,3.45,3.36,3,3.01,3.28,3.42,3.43,3.53,3.53,4.07,4.33,4.45,4.7,4.74,4.55,4.81,5.34,8.95,9.16,10.54,9.71,10.38,13.01,11.22,9.35,10.62,10.15,10.64,10.87,11.33,9.43,8.62,8.89,10.04,11.252,14.408,17.772,19.513,22.781,27.199,28.886,31.242,30.457
                Хэрлэн,42301,Үхэр,4.09,4.41,4.39,4.61,13.82,5.25,5.38,5.44,5.73,6.16,5.41,5.72,5.56,5.35,5.48,5.74,5.74,5.74,5.99,6.8,7.47,6.69,6.39,6.09,6.87,13.74,13.46,15.63,13.42,14.53,18.07,8.28,7.37,9.09,9.82,10.59,12,12.65,11.02,11.14,11.08,12.43,13.859,17.138,21.104,24.143,26.718,31.01,33.285,36.976,34.934
                Хэрлэн,42301,Тэмээ,0.34,0.36,0.32,0.33,1.15,0.36,0.36,0.35,0.27,0.27,0.23,0.25,0.26,0.26,0.25,0.26,0.26,0.27,0.31,0.34,0.37,0.37,0.36,0.37,0.38,0.45,0.47,0.48,0.44,0.47,0.5,0.45,0.4,0.42,0.38,0.38,0.34,0.36,0.33,0.35,0.35,0.35,0.321,0.34,0.332,0.393,0.389,0.402,0.416,0.432,0.391
                Хэрлэн,42301,Хонь,45.25,36.81,37.53,37.67,71.62,40.25,40.81,41.12,42.98,42.79,37.26,41.77,41.45,41.28,41.54,38.09,38.09,38.17,40.02,43.09,43.47,41.17,35.64,33.24,32.59,47.63,48.49,53.82,47.59,48.34,69.19,53.82,46.67,51.76,54.93,58.47,66.73,77.14,79.92,92.62,92.87,95.12,109.726,126.228,152.145,162.528,184.601,218.828,245.938,260.311,252.73
                Хэрлэн,42301,Ямаа,0.06,0.04,0.04,0.05,3.15,0.08,0.08,0.07,0.07,0.11,0.12,0.18,0.21,0.22,0.27,0.31,0.31,0.39,0.45,0.76,1.39,1.29,2.01,2.88,4.46,13.69,15.59,20.92,20.13,20.59,31.89,31.3,31.67,43.19,46.36,53.08,60.55,78.78,80.62,86.28,78.63,85.86,93.927,104.663,124.65,131.699,145.968,162.923,179.029,191.455,186.312
                Батноров,42304,Бүгд,84.44,87.41,79.22,104.36,88.91,105.08,95.36,92.19,102.71,105.04,83.47,91.92,96.11,93.93,91.78,91.78,91.78,93.64,97.94,104.75,106,97.07,102.3,85.59,91.54,88.81,91.94,101.04,112.7,116.84,124.59,121.48,137.11,137.38,145.46,158.05,181.47,208.32,192.65,206.31,196.96,225,244.204,265.08,304.548,332.905,355.084,390.631,436.684,456.158,411.047
                Батноров,42304,Адуу,9.17,10.08,9.64,12.96,9.36,12.91,12.29,11.28,11.44,11.68,10.8,11.47,11.68,11.41,11.55,11.37,11.37,11.34,11.13,11.15,11.16,11.17,12.11,11.44,13.59,14.21,14.66,15.87,17.4,18.56,19.11,18.84,20.3,19.65,19.78,19.71,20.68,21.36,17.96,16.94,17.35,19.06,20.837,23.13,25.507,28.024,30.084,32.634,35.28,32.871,31.563
                Батноров,42304,Үхэр,12.81,12.88,11.4,15.42,11.21,16.54,16.49,16.55,18.11,18.09,13.17,14.37,14.88,13.72,13.62,13.37,13.37,13.62,13.25,13.68,14.09,12.75,14.51,10.88,14.39,15.13,15.62,17.32,18.93,19.86,20.06,13.69,14.54,13.19,13.13,13.97,15.54,16.29,14.29,15.2,14.04,14.9,17.162,19.446,22.46,25.417,25.627,26.869,31.03,33.814,30.338
                Батноров,42304,Тэмээ,1,0.97,0.79,1.08,0.89,1.03,0.89,0.9,0.95,0.92,0.83,0.85,0.78,0.78,0.77,0.75,0.75,0.75,0.77,0.74,0.71,0.63,0.59,0.55,0.59,0.57,0.6,0.57,0.59,0.6,0.6,0.58,0.6,0.55,0.54,0.47,0.46,0.41,0.33,0.26,0.25,0.26,0.249,0.235,0.268,0.282,0.283,0.284,0.313,0.337,0.298
                Батноров,42304,Хонь,53.16,54.84,49.14,63.21,57.6,61.91,54.01,51.43,58.29,59.92,48.65,52.4,55.37,54.98,53.71,54.04,54.04,53.78,58.31,62.04,62.06,56.72,57.31,45.88,41.95,36.99,36.84,39.93,44.5,48.65,53.14,53.22,58.09,58.65,63.21,70.33,81.78,93.95,93.64,104.41,102.5,115.79,126.728,136.345,156.115,169.217,183.33,204.565,229.525,241.205,222.324
                Батноров,42304,Ямаа,8.3,8.65,8.25,11.69,9.85,12.69,11.69,12.03,13.92,14.43,10.02,12.84,13.4,13.04,12.12,12.25,12.25,14.15,14.48,17.13,17.97,15.8,17.77,16.83,21.03,21.91,24.22,27.35,31.29,29.18,31.69,35.14,43.58,45.34,48.8,53.58,62.99,76.31,66.43,69.5,62.82,74.99,79.228,85.924,100.198,109.965,115.76,126.279,140.536,147.931,126.524
                Батширээт,42307,Бүгд,30.27,32.32,34.34,34.47,133.2,36.24,37.29,38.73,40.31,40.24,39.74,42.53,42.22,44.18,43.42,34.68,34.68,35.62,35,39.56,42.14,40.87,35.18,25.88,24.62,22.26,22.93,24.88,27.95,29.9,28.16,25.03,26.2,24.13,22.6,25.44,30.8,35.8,43.84,52.86,48.82,48.49,48.693,50.544,53.676,60.225,65.199,71.188,74.725,81.4,78.696
                Батширээт,42307,Адуу,4.7,4.37,4.43,4.24,13.44,4.51,4.22,3.71,3.39,3.4,3.38,3.73,3.65,3.84,4.03,4.31,4.31,4.71,4.73,4.89,5.02,4.68,4.31,4.15,4.21,3.98,4.04,4.11,4.43,4.3,4.1,3.93,3.41,3.25,3.04,3.09,3.38,3.45,3.72,4.11,4.47,4.57,4.253,4.43,4.562,5.099,5.719,6.486,6.582,6.731,6.818
                Батширээт,42307,Үхэр,8.84,9.52,9.5,9.49,22.09,9.89,10.27,10.48,10.71,10.37,10.43,10.48,10.54,10.58,10.49,8.91,8.91,9.37,8.41,9.35,10.53,10.28,9.67,8.25,8.01,7.72,8.02,8.75,9.87,10.93,9.9,8.31,8.41,7.36,6.9,7.62,9.29,10,11.68,13.68,13.76,12.9,12.733,13.814,15.286,16.842,18.825,20.462,20.889,21.929,22.898
                Батширээт,42307,Тэмээ,0.27,0.27,0.22,0.22,1.45,0.24,0.22,0.2,0.2,0.21,0.18,0.2,0.2,0.2,0.2,0.2,0.2,0.23,0.23,0.24,0.19,0.12,0.07,0.04,0.03,0.02,0.02,0.01,0.01,0.01,0.01,0.01,0.01,0.02,0.01,0.01,0.01,0,0,0,0.01,0.01,0.008,0.005,0.005,0.006,0.005,0.007,0.007,0.006,0.006
                Батширээт,42307,Хонь,16.37,18.06,20.06,20.35,82.18,21.37,22.34,24,25.73,25.94,25.47,27.78,27.44,29.1,28.13,20.73,20.73,20.72,21.01,24.28,25.72,25.04,20.3,12.71,11.49,9.56,9.65,10.48,11.81,12.5,11.52,9.76,10.8,9.9,8.98,10.05,12.02,14.64,18.79,23.25,20.8,19.96,20.633,20.464,20.948,23.714,25.637,27.638,29.675,32.626,30.412
                Батширээт,42307,Ямаа,0.1,0.11,0.14,0.17,14.03,0.23,0.25,0.33,0.28,0.33,0.27,0.35,0.41,0.46,0.59,0.53,0.53,0.61,0.62,0.81,0.67,0.75,0.83,0.73,0.88,0.98,1.2,1.53,1.84,2.16,2.63,3.02,3.58,3.6,3.68,4.68,6.1,7.71,9.65,11.82,9.79,11.06,11.066,11.831,12.875,14.564,15.013,16.595,17.572,20.108,18.562
                Баян-Адарга,42310,Бүгд,66.65,70.04,63.56,64.06,73.51,76.04,72.89,70.72,76.68,71.53,70.36,76.2,81.6,81.66,73.29,62.78,62.78,62.05,61.4,65.12,67.09,57.33,52.69,33.36,29.58,24.01,25.1,28.76,30.52,32.25,34.15,38.4,44.49,36.61,35.54,39.59,47.64,59.73,74.91,82.02,67.44,72.12,77.302,86.571,104.771,115.832,129.753,163.713,182.353,195.178,188.11
                Баян-Адарга,42310,Адуу,5.76,5.98,5.66,5.69,9.08,6.5,6.05,5.54,5.01,4.84,4.43,4.37,4.32,4.41,4.39,4.53,4.53,5.05,5.43,5.45,5.8,5.94,6.09,6.02,6.18,5.89,5.82,5.94,5.84,5.8,5.43,5.84,6.9,5.52,4.85,4.27,4.49,4.93,5.16,5.36,5.38,5.45,6.109,6.138,6.752,7.099,7.758,9.489,10.393,10.674,10.773
                Баян-Адарга,42310,Үхэр,10.58,11.31,11.01,10.63,17.49,12.04,12.27,12.35,12.97,11.86,10.25,10.66,10.74,11.08,10.15,9.54,9.54,10.37,10.4,11.41,12.01,11.36,11.15,7.29,6.88,6.11,6.12,7.43,7.76,8.23,8,8.01,8.07,5.83,5.39,5.89,6.68,7.65,8.73,9.59,7.57,7.62,7.93,8.654,10.159,11.332,11.815,14.602,16.111,17.396,16.63
                Баян-Адарга,42310,Тэмээ,0.52,0.48,0.45,0.42,0.75,0.47,0.46,0.42,0.45,0.46,0.43,0.43,0.44,0.45,0.42,0.42,0.42,0.43,0.44,0.39,0.39,0.31,0.31,0.3,0.29,0.23,0.21,0.21,0.2,0.17,0.15,0.16,0.16,0.15,0.15,0.13,0.11,0.1,0.1,0.13,0.13,0.11,0.092,0.082,0.066,0.058,0.06,0.062,0.07,0.071,0.067
                Баян-Адарга,42310,Хонь,46.49,48.89,43.2,43.98,39.79,52.88,50.27,48.36,53.84,49.88,51.14,55.66,60.47,59.73,52.94,43.99,43.99,41.5,40.34,42.97,44.08,35.41,30.53,16.05,12.1,7.97,8.34,9.45,10.28,11.64,13.45,15.74,18.42,15.3,14.68,16.83,20.47,26.04,33.38,36.11,31.01,32.77,36.222,41.229,51.335,58.148,65.564,84.101,92.468,98.662,94.518
                Баян-Адарга,42310,Ямаа,3.3,3.37,3.25,3.34,6.4,4.14,3.84,4.04,4.41,4.49,4.12,5.09,5.63,6,5.39,4.3,4.3,4.7,4.79,4.91,4.81,4.32,4.62,3.7,4.14,3.82,4.61,5.74,6.45,6.43,7.13,8.66,10.95,9.81,10.47,12.48,15.89,21.01,27.54,30.83,23.35,26.18,26.949,30.468,36.459,39.195,44.556,55.459,63.311,68.375,66.122
                    Баянмөнх,42313,Бүгд,65.37,65.14,65.27,65.02,103.24,74.51,76.47,63.91,72.03,76.21,74.66,79.85,80.02,62.36,56.52,50.56,50.56,53.27,57.25,66.57,71.42,61.87,61.96,53.3,47.8,47.19,49.87,53.48,59.28,63.53,64.36,58.47,46.33,53.96,59.45,71.66,80.14,88.52,66.64,70.78,82.03,91.45,105.138,122.442,146.019,159.991,175.78,191.027,182.842,192.271,190.824
                    Баянмөнх,42313,Адуу,10.41,10.21,9.31,9.66,15.53,10.58,10.7,9.59,10.05,10.33,9.31,9.51,9.77,8.39,7.93,6.61,6.61,6.55,6.8,6.66,6.29,5.78,5.82,5.57,5.93,6.52,7,7.61,8.14,8.68,8.5,7.34,5.54,6.08,6.49,7.31,7.65,7.57,4.13,4.06,4.5,5.09,6.214,6.837,8.031,9.259,11.153,11.784,10.75,11.086,11.348
                    Баянмөнх,42313,Үхэр,7.48,7.26,7.3,7.27,12.86,9.02,9.2,8.57,9.21,9.69,10.47,10.88,10.71,8.97,8.73,8.02,8.02,8.1,7.87,8.43,8.95,7.65,6.68,6.21,6.72,6.56,7.07,7.44,8.03,8.77,8.68,5.54,3.44,4.22,4.69,5.13,5.41,5.29,2.63,2.63,3.27,3.73,4.647,5.693,7.26,8.093,9.298,10.136,9.997,10.473,11.31
                    Баянмөнх,42313,Тэмээ,1.18,1.21,1.04,1.04,0.92,1.02,0.94,0.92,0.97,0.98,0.86,0.9,0.81,0.74,0.67,0.63,0.63,0.46,0.52,0.58,0.56,0.49,0.47,0.37,0.37,0.33,0.36,0.34,0.37,0.38,0.4,0.37,0.3,0.3,0.28,0.28,0.3,0.26,0.19,0.19,0.17,0.17,0.173,0.193,0.218,0.175,0.251,0.269,0.32,0.319,0.326
                    Баянмөнх,42313,Хонь,37.43,37.45,38.17,37.98,66.14,43.44,45.08,36.01,41.53,44.27,42.8,46.19,47.4,36.11,31.07,28.33,28.33,30.3,34.21,40.78,44.29,39.05,38.37,29.85,23.92,21.39,21.74,22.89,25.47,28.85,30.09,28.16,22.69,25.11,27.13,32.95,37.37,40.83,31.57,33.19,39.2,42.73,49.559,58.243,69.807,78.17,88.26,98.32,96.896,102.383,103.023
                    Баянмөнх,42313,Ямаа,8.88,9,9.46,9.07,7.79,10.45,10.55,8.81,10.27,10.94,11.22,12.37,11.33,8.15,8.12,6.97,6.97,7.86,7.86,10.13,11.33,8.9,10.62,11.31,10.86,12.38,13.7,15.2,17.27,16.85,16.7,17.06,14.36,18.25,20.87,25.99,29.41,34.56,28.12,30.72,34.89,39.73,44.545,51.476,60.703,64.294,66.818,70.518,64.879,68.01,64.817
                    Баян-Овоо,42316,Бүгд,73.55,73.72,68.3,70.78,109.32,77.95,73.54,75.74,81.01,82.41,77.07,84.98,84.71,73.8,68.2,69.84,69.84,69.19,73.01,79.02,79.4,66.46,64.72,56.01,44.48,41.47,40.87,43.45,48.02,49.76,56.18,58.46,62.9,59.54,60.13,71.74,78,94.43,86.22,89.82,74.02,90.37,89.494,96.008,110.657,124.793,147.325,179.871,202.179,208.973,189.893
                    Баян-Овоо,42316,Адуу,10.95,10.37,8.49,8.37,13.21,8.91,8.54,7.8,7.82,8.19,6.83,7.41,7.08,6.89,7.43,7.49,7.49,7.74,8.22,8.51,8.48,8.02,7.77,6.96,6.74,6.63,6.34,6.43,6.77,7.12,7.83,7.71,8.2,8.64,8.38,8.82,9.53,10.61,7.49,7.3,6.56,8.08,8.386,9.472,11.101,13.701,15.997,18.193,19.021,18.265,17.654
                    Баян-Овоо,42316,Үхэр,8,8.05,7.54,6.94,16.34,7.51,7.28,7.58,8.02,8.19,6.67,6.97,7.02,6.19,6.33,6.16,6.16,6.37,6.45,6.81,6.92,6.7,7.18,7.37,7.56,7.62,7.83,7.73,8.52,9.05,10.16,7.96,7.67,6.85,6.31,6.75,7.53,7.85,5.7,5.93,5.32,6.36,6.296,7.202,8.741,10.469,12.304,14.995,17.018,18.58,16.919
                    Баян-Овоо,42316,Тэмээ,0.98,0.98,0.9,0.87,1.07,0.93,0.74,0.72,0.73,0.72,0.66,0.67,0.66,0.6,0.61,0.48,0.48,0.52,0.56,0.59,0.62,0.65,0.67,0.57,0.53,0.5,0.44,0.44,0.5,0.5,0.52,0.51,0.52,0.51,0.52,0.49,0.52,0.57,0.52,0.39,0.38,0.39,0.347,0.319,0.303,0.342,0.364,0.366,0.358,0.349,0.31
                    Баян-Овоо,42316,Хонь,45.63,46.16,43.54,46.35,65.93,50.56,47.2,49.26,53.06,53.3,51.93,56.48,56.4,48.04,43.53,45.45,45.45,43.78,45.92,50.4,51.03,41.36,38.89,30.29,19.75,16.56,16.02,16.91,18.93,20.18,23.51,26.07,28.24,25.79,26.96,31.84,36.57,43.64,44.17,46.9,39.22,47.07,45.933,48.579,53.883,59.263,70.214,87.158,99.598,103.486,94.612
                    Баян-Овоо,42316,Ямаа,7.99,8.17,7.82,8.26,12.77,10.04,9.79,10.39,11.38,12.01,10.99,13.45,13.54,12.07,10.31,10.25,10.25,10.78,11.87,12.72,12.34,9.73,10.21,10.82,9.91,10.16,10.24,11.94,13.32,12.91,14.16,16.22,18.28,17.76,17.95,23.84,23.85,31.77,28.35,29.3,22.54,28.47,28.532,30.436,36.629,41.018,48.446,59.159,66.184,68.293,60.398
                    Биндэр,42322,Бүгд,68.29,69.97,67.12,66.36,35.14,76.61,76.48,80.84,87.32,88.33,89.05,95.06,96.87,92.36,85.4,72.41,72.41,77.59,76.95,79.83,81.52,77.88,76,50.74,52.22,52.57,54.73,62.34,69.47,71.39,71.61,69.03,72.5,61.03,63.22,73.68,87.39,100.84,110.08,123.54,123.57,127.06,129.039,138.72,153.586,174,195.271,224.105,460.9,266.861,253.885
                    Биндэр,42322,Адуу,8.75,9.03,8.71,8.7,4.52,9.56,9.13,8.88,9.07,9.53,9.59,9.87,10.05,9.74,9.2,9.13,9.13,9.88,10.09,10.33,10.67,10.88,10.78,9.4,10.48,10.52,10.41,11.21,11.91,11.89,11.64,11.28,11.41,10.83,10.27,9.65,10.23,10.35,9.24,9.37,10.47,10.55,11.028,11.546,12.079,13.199,14.313,15.818,33.875,18.589,18.447
                    Биндэр,42322,Үхэр,15.71,16.5,16.19,15.61,9.56,18.52,19.23,19.9,21.38,21.56,19.96,20.44,21.63,20.69,19.33,17.18,17.18,17.21,15.97,17.34,19.04,19.68,20.12,13.77,14.48,14.61,15.27,17.34,19.21,19.38,18.63,16.36,16.1,11.98,11.49,13.57,15.59,17.42,18.81,20.86,20.81,21.07,20.704,21.999,23.665,26.173,28.577,31.809,24.268,38.404,37.519
                    Биндэр,42322,Тэмээ,0.88,0.84,0.79,0.74,0.22,0.69,0.69,0.67,0.69,0.7,0.66,0.66,0.7,0.67,0.64,0.61,0.61,0.61,0.62,0.58,0.57,0.51,0.41,0.36,0.35,0.36,0.36,0.38,0.39,0.38,0.34,0.3,0.25,0.21,0.22,0.19,0.18,0.18,0.16,0.15,0.17,0.14,0.125,0.132,0.157,0.178,0.161,0.18,0.495,0.181,0.185
                    Биндэр,42322,Хонь,38.31,38.55,36.2,35.67,20.63,40.85,40.41,43.27,47.39,47.6,49.45,53.18,53.13,50.41,45.57,36.25,36.25,39.34,39.73,39.68,40.07,37.02,35.95,20.29,19.02,17.92,17.87,20.66,23.45,24.71,24.77,24.87,26.08,21.38,23.23,27.64,33.29,39.82,44.8,52.11,51.87,52.34,53.968,57.911,64.341,73.439,83.474,97.512,268.06,115.799,108.838
                    Биндэр,42322,Ямаа,4.64,5.04,5.23,5.65,0.22,7,7.02,8.12,8.79,8.95,9.38,10.91,11.36,10.85,10.67,9.25,9.25,10.55,10.55,11.91,11.17,9.79,8.74,6.92,7.89,9.16,10.82,12.76,14.51,15.04,16.22,16.22,18.66,16.63,18.02,22.63,28.11,33.06,37.08,41.06,40.25,42.95,43.214,47.132,53.344,61.011,68.746,78.786,134.202,93.888,88.896
                    Баянхутаг,42319,Бүгд,87.79,91.06,85.93,95.96,59.5,95.31,86,85.35,95.51,103.88,91.77,98.18,95.58,81.62,75.89,73.67,73.67,71.89,75.23,85.74,84.06,80.41,72.28,65.2,65.82,72.26,77.13,81.53,101.7,106.57,113.82,97.41,96.21,101.62,107.31,125.16,150.71,174.29,155.44,171.01,188.45,213.43,238.532,275.144,326.379,346.295,381.36,447.013,57.286,460.35,385.286
                    Баянхутаг,42319,Адуу,14.39,14.98,12.99,14.57,7.7,15.39,14.34,13.29,14.16,15.37,14.06,15.29,14.92,14.78,14.61,13.73,13.73,13.75,13.88,14.24,12.65,11.41,10.31,10.31,11.86,12.37,14.28,13.93,15.41,16.19,16.91,14.21,12.6,11.93,11.92,12.89,14.42,15.18,10.38,10.28,11.74,12.99,14.484,18.063,21.131,24.75,28.362,33.048,3.011,33.543,30.509
                    Баянхутаг,42319,Үхэр,9.32,10.06,10,11.62,3.97,13.1,11.96,11.37,12.81,13.53,12.65,13.1,12.63,11.37,10.01,9,9,9.37,9.47,10.2,10.21,9.52,8.3,8.12,9.98,10.72,10.81,10.78,12.99,13.33,13.25,5,5.08,5.72,5.95,6.74,8.06,8.4,5.62,5.91,7.14,8.64,10.113,12.17,15.406,17.833,19.762,24.419,5.977,25.4,20.438
                    Баянхутаг,42319,Тэмээ,0.65,0.6,0.53,0.88,0.42,0.87,0.72,0.69,0.74,0.77,0.74,0.78,0.65,0.61,0.52,0.48,0.48,0.51,0.54,0.59,0.61,0.51,0.44,0.5,0.58,0.63,0.66,0.64,0.7,0.73,0.71,0.57,0.61,0.58,0.55,0.5,0.56,0.47,0.38,0.37,0.39,0.4,0.454,0.41,0.473,0.564,0.592,0.466,0,0.445,0.365
                    Баянхутаг,42319,Хонь,57.78,59.7,56.48,61.33,38.97,58.91,52.34,52.85,59.62,64.79,56.56,59.91,57.45,45.65,42.25,42.94,42.94,41.03,43.3,50.58,50.64,49.62,42.99,34.91,31.02,33.56,34.38,36.57,46.21,51.45,56.61,52.84,53.06,52.72,56.11,66.6,79.56,90.18,85.85,96.41,106.74,118.2,134.82,156.637,187.05,198.415,220.122,256.398,27.739,267.738,223.77
                    Баянхутаг,42319,Ямаа,5.65,5.72,5.94,7.57,8.44,7.03,6.64,7.15,8.16,9.42,7.75,9.1,9.93,9.22,8.49,7.53,7.53,7.23,8.04,10.12,9.96,9.35,10.24,11.37,12.38,14.98,17,19.61,26.41,24.88,26.34,24.8,24.87,30.67,32.78,38.42,48.11,60.07,53.22,58.04,62.44,73.21,78.661,87.864,102.319,104.733,112.522,132.682,20.559,133.224,110.204
                    Галшар,42325,Бүгд,56.36,57.29,58.22,57.65,70.56,59.94,52.52,45.53,56.52,148.94,139.26,151.69,142.6,112.94,118.39,119.64,119.64,115.75,121.5,135.35,143.47,148.67,158.61,140.29,104.87,107.49,112.34,120.68,140.32,156.89,151.95,128.41,126.27,131.19,132.85,143.09,159.42,173.81,135.05,145.16,158.35,179.83,207.243,232.272,259.995,281.802,295.895,328.406,330.231,324.718,320.022
                    Галшар,42325,Адуу,7.37,7.71,7.51,7.15,8.89,7.53,7.39,6.36,6.73,17.13,15.59,15.96,15.15,12.55,12.74,11.86,11.86,11.54,11.3,11.75,11.27,11.11,10.92,10.39,10.84,12.47,13.46,15.06,17.01,19.22,19.02,15.21,13.81,14.52,14.18,14.19,14.94,14.19,8.78,8.75,9.83,10.97,12.712,14.501,16.764,19.1,21.451,23.767,23.245,22.601,22.777
                    Галшар,42325,Үхэр,4.61,4.88,4.61,3.76,5.81,3.88,3.68,3.64,3.78,11.57,10.91,11.36,10.98,10.41,11.3,11.49,11.49,11.82,10.74,12.32,13.16,13.67,14.17,12.99,12.44,13.14,13.79,13.78,14.93,16.51,15.87,7.19,6.66,7.59,7.71,8.02,9.1,9.28,5.98,5.99,6.96,8.12,9.57,11.026,12.655,13.652,14.729,17.062,18.057,18.726,19.208
                    Галшар,42325,Тэмээ,0.5,0.41,0.44,0.41,0.57,0.41,0.43,0.33,0.32,0.89,0.85,0.81,0.71,0.66,0.69,0.66,0.66,0.68,0.68,0.74,0.78,0.79,0.84,0.79,0.88,0.89,0.93,0.91,0.95,0.97,0.96,0.78,0.76,0.71,0.66,0.64,0.63,0.59,0.49,0.49,0.48,0.48,0.465,0.49,0.464,0.472,0.48,0.468,0.492,0.472,0.483
                    Галшар,42325,Хонь,35.96,36.28,36.91,37.26,46.44,39.47,33.84,28.42,37.56,97.97,91.66,100.64,93.09,69.75,72.32,73.52,73.52,71.01,76.96,84.73,90.45,93.95,98.8,79.48,49.55,47.44,48.11,51.63,60.66,71.78,70.25,62.83,60.9,58.41,59.85,66.95,74.99,81.98,64.82,69.61,76.24,85.76,101.224,113.778,126.388,139.465,149.622,167.699,171.183,172.064,170.037
                    Галшар,42325,Ямаа,7.92,8.02,8.76,9.07,8.86,8.64,7.18,6.79,8.13,21.38,20.25,22.93,22.68,19.57,21.34,22.1,22.1,20.7,21.82,25.81,27.82,29.16,33.87,36.64,31.16,33.55,36.04,39.31,46.77,48.41,45.85,42.41,44.15,49.98,50.45,53.3,59.75,67.77,54.97,60.31,64.84,74.51,83.272,92.477,103.724,109.113,109.613,119.41,117.254,110.855,107.517
                    Дадал,42328,Бүгд,42.03,42.18,42.66,41.65,69.55,44.42,39.95,40.46,44.14,44.19,42.55,45.28,38.83,36.51,38.64,37.06,37.06,40.74,41.26,42.71,43.65,37.36,34,21.87,20.2,16.79,16.18,17.97,19.61,19.81,19.5,18.86,19.86,18.65,17.32,17.53,19.59,21.38,25.8,27.29,25.49,26.72,27.586,30.529,32.722,34.806,38.098,41.686,48.121,55.169,55.291
                    Дадал,42328,Адуу,3.9,4.06,4.04,4.05,6.2,4.41,4.37,3.95,3.98,4.05,3.85,3.89,4.24,4.38,4.53,4.43,4.43,4.77,5.13,5.17,5.31,5.16,5.53,5.29,5.61,5.27,4.91,4.71,4.64,4.45,4.17,3.96,3.96,3.62,3.4,3.15,3.27,3.21,3.5,3.59,3.73,3.72,3.743,4.164,4.433,4.883,5.493,6.296,7.273,7.731,7.916
                    Дадал,42328,Үхэр,10.39,10.9,10.95,11.1,11.51,12.54,12.55,12.22,12.66,12.01,12.14,12.53,12.25,11.97,12.76,10.99,10.99,10.77,10.84,11.17,11.51,10.92,10.8,8.34,7.9,6.73,6.35,7.24,8.01,8.36,7.91,7.62,7.71,7.41,6.65,6.54,7.2,7.74,8.74,9.76,9.52,9.36,9.832,10.403,11.061,11.826,12.546,14.624,17.438,19.558,20.541
                    Дадал,42328,Тэмээ,0.28,0.28,0.28,0.26,0.45,0.28,0.28,0.27,0.28,0.28,0.29,0.28,0.29,0.25,0.24,0.22,0.22,0.24,0.24,0.25,0.24,0.19,0.17,0.14,0.07,0.04,0.03,0.03,0.03,0.02,0.02,0.02,0.01,0.01,0.01,0.01,0.01,0.01,0.01,0.01,0.01,0,0,0,0,0,0,0,0,0,
                    Дадал,42328,Хонь,27.46,26.94,27.39,26.24,47.68,27.19,22.76,24.02,27.22,27.84,26.27,28.56,22.04,19.89,21.08,21.38,21.38,24.86,24.94,26.02,26.47,20.96,17.26,7.68,6.03,4.1,3.94,4.52,5.1,5,5.06,4.74,4.97,4.5,4.11,4.34,4.86,5.32,6.48,7.54,5.94,6.84,6.829,8.183,8.637,9.493,10.769,11.011,12.469,14.152,13.494
                    Дадал,42328,Ямаа,,,,,3.72,,0,0,0,0.01,0.01,0.01,0.02,0.03,0.04,0.05,0.05,0.1,0.12,0.1,0.12,0.13,0.25,0.43,0.59,0.65,0.95,1.48,1.84,1.99,2.34,2.53,3.21,3.11,3.15,3.5,4.25,5.11,7.06,6.4,6.29,6.79,7.182,7.779,8.591,8.604,9.29,9.755,10.941,13.728,13.34
                    Дархан,42331,Бүгд,82.22,83.92,88.2,87.25,71.37,98.73,102.57,95.7,106.57,115.48,96.15,102.56,108.62,107.49,108.79,102.15,102.15,97.52,85.79,98.1,101.08,99.47,101.03,70.49,84.49,91.4,98.59,97.4,101.46,106.93,105.03,92.05,92.84,109.79,118.94,139.95,143.84,166.16,135.69,129.3,149.51,166.42,142.422,158.142,185.001,208.036,225.743,247.563,238.084,256.287,262.175
                    Дархан,42331,Адуу,11.1,10.97,10.37,10.12,10.29,10.43,11.19,10.75,10.81,11.16,11.48,11.94,12.6,11.41,11.3,10.29,10.29,8.58,7.25,7.12,6.9,6.77,7.55,6.52,8.04,9.26,10.44,10.32,11.07,13.07,12.78,9.69,8.94,10.04,10.39,11.64,11.84,10.94,6.08,4.96,6.29,6.87,6.173,7.553,9.226,12.007,13.684,14.702,13.069,13.657,14.17
                    Дархан,42331,Үхэр,5.56,5.94,5.85,5.89,8.5,6.91,6.96,6.39,7.16,8.03,8.32,8.57,8.74,8.06,8.36,8.21,8.21,7.54,5.94,6.41,6.97,7.15,8.3,6.29,9.23,10.25,11.17,11.36,10.91,12.8,11.89,4.54,3.96,5.12,5.81,6.37,6.48,6.51,4.39,3.64,4.77,5.55,5.275,6.347,7.927,9.228,10.258,11.15,9.704,9.603,10.758
                    Дархан,42331,Тэмээ,1.12,1.15,1.04,0.99,1.05,0.94,0.9,0.83,0.86,0.87,0.93,0.93,0.95,0.88,0.91,0.9,0.9,0.89,0.99,1.01,1.01,0.9,0.63,0.45,0.43,0.4,0.41,0.38,0.36,0.37,0.44,0.35,0.42,0.41,0.42,0.35,0.44,0.41,0.37,0.38,0.49,0.53,0.527,0.528,0.609,0.667,0.812,0.771,0.769,0.717,0.71
                    Дархан,42331,Хонь,51.05,52.16,56.41,55.62,41.37,64.02,66.24,61.68,69.57,76.3,59.44,64.38,69.39,69.99,71.82,66.67,66.67,65.12,57.55,65.4,67.26,65.83,63.97,39.68,46.92,47.28,49.16,48.39,47.5,48.46,48.49,46.62,45.78,50.22,53.23,63.9,65.5,74.64,62.79,61.57,72.24,77.82,71.002,78.65,91.133,102.235,114.259,127.575,126.133,135.751,139.369
                    Дархан,42331,Ямаа,13.39,13.71,14.53,14.64,10.17,16.44,17.28,16.05,18.17,19.13,15.97,16.73,16.95,17.15,16.4,16.08,16.08,15.4,14.06,18.17,18.94,18.83,20.59,17.56,19.88,24.21,27.41,26.95,31.61,32.23,31.44,30.86,33.74,44,49.1,57.69,59.59,73.66,62.06,58.75,65.73,75.66,59.445,65.064,76.106,83.899,86.73,93.365,88.409,96.559,97.168
                    Дэлгэрхаан,42334,Бүгд,55.59,55.05,62.06,57.28,96.81,59.54,52.19,40.49,48.22,51.51,69.51,74.47,76.13,67.63,61.69,53.29,53.29,52.4,53.32,61.02,94.15,80.84,96.73,93.28,89.91,92.61,97.99,106.3,122.13,138.21,128.41,108.92,105.97,120.65,124.21,137.22,146.04,163.5,168.23,127.95,127.35,134.96,154.609,178.544,202.408,229.226,245.082,280.364,290.451,274.257,261.344
                    Дэлгэрхаан,42334,Адуу,7.44,7.38,7.31,6.78,10.6,7.18,6.82,5.98,6.07,6,6.22,6.24,6.42,6.01,5.69,5.28,5.28,5.52,5.39,5.74,6.67,6.39,7.25,7.53,7.73,8.47,8.83,9.78,10.68,11.88,11.61,9.55,9.54,10.77,10.84,11.82,11.79,11.78,10.16,6.76,6.7,7.78,9.143,11.098,13.478,15.118,17.256,19.663,20.057,18.89,18.06
                    Дэлгэрхаан,42334,Үхэр,5.39,5.49,5.3,5.07,6.6,5.69,5.38,5.07,5.56,5.65,5.52,5.58,5.61,5.45,5.33,4.65,4.65,4.22,3.71,4.11,5.23,5.08,7.4,7.85,7.77,8.32,9.08,10,11.29,12.12,10.68,5.91,5.48,6.34,6.91,7.51,7.67,8.35,7.35,3.76,3.82,4.18,5.284,6.838,9.031,10.718,12.823,14.85,15.638,16.687,16.504
                    Дэлгэрхаан,42334,Тэмээ,0.54,0.54,0.54,0.53,1.01,0.44,0.44,0.36,0.38,0.38,0.39,0.41,0.43,0.38,0.39,0.38,0.38,0.37,0.34,0.37,0.37,0.38,0.33,0.35,0.33,0.35,0.31,0.31,0.32,0.33,0.31,0.28,0.25,0.26,0.22,0.21,0.23,0.21,0.17,0.14,0.1,0.08,0.09,0.067,0.067,0.079,0.076,0.066,0.068,0.074,0.07
                    Дэлгэрхаан,42334,Хонь,35.96,35.55,42.27,37.73,63,38.63,32.78,23.49,28.84,31.37,46.68,50.17,52.3,45.38,41.33,35.33,35.33,34.52,36.42,41.85,67.95,57.04,68.07,61.97,58.75,57.63,59.98,63.92,72.86,82.44,75.17,65.01,58.91,64.86,66.04,72.27,74.11,80.47,82.32,61.22,62.44,64.12,74.874,83.286,94.9,106.224,115.257,131.381,138.972,129.257,122.629
                    Дэлгэрхаан,42334,Ямаа,6.27,6.09,6.64,7.18,15.59,7.59,6.78,5.59,7.37,8.1,10.7,12.06,11.37,10.41,8.95,7.64,7.64,7.77,7.47,8.97,13.93,11.95,13.68,15.58,15.33,17.84,19.78,22.28,26.98,31.44,30.64,28.17,31.8,38.42,40.21,45.41,52.25,62.7,68.23,56.08,54.3,58.79,65.218,77.255,84.932,97.087,99.67,114.404,115.716,109.349,104.081
                    Жаргалтхаан,42337,Бүгд,69.15,63.68,68.43,69.82,60.64,73,66.26,52.61,54.87,59.18,58.17,63.01,63.26,61.78,58.49,55.98,55.98,54.13,55.38,60.01,63.38,62.57,60.01,56.55,51.85,56.86,59.42,68.31,76.57,82.7,83.87,82.8,82.49,88.54,94.46,106.54,117.65,136.05,134.02,131.84,128.59,137.29,154.152,165.633,172.55,189.925,208.983,230.027,226.543,226.202,224.476
                    Жаргалтхаан,42337,Адуу,12.06,11.56,11.26,10.96,7.03,11.1,10.42,8.89,8.91,8.98,8.56,8.67,8.9,8.46,8.03,7.57,7.57,7.03,6.84,7.07,7.09,7.05,6.88,6.64,7.09,7.99,8.46,9.73,10.46,11.42,11.44,11.3,11.19,11.24,11.1,11.31,10.97,10.84,8.11,6.46,7.3,8.01,9.115,10.177,10.989,13.006,15.11,16.197,15.581,15.079,14.791
                    Жаргалтхаан,42337,Үхэр,10.51,10.19,9.86,9.84,5.54,10.76,10.54,9.25,9.91,9.98,9.89,9.87,9.34,8.37,7.6,7.42,7.42,7.12,6.54,7.16,7.92,7.95,7.8,7.51,7.67,8.32,8.88,9.89,10.83,11.62,10.22,7.94,7.38,7.63,7.92,8.07,8.24,8.68,7,5.67,5.54,5.91,7.213,8.489,9.241,11.15,12.58,13.174,12.131,12.494,12.62
                    Жаргалтхаан,42337,Тэмээ,0.74,0.7,0.69,0.7,0.48,0.73,0.64,0.62,0.62,0.62,0.53,0.55,0.53,0.53,0.5,0.49,0.49,0.51,0.54,0.58,0.62,0.55,0.45,0.41,0.41,0.42,0.42,0.43,0.46,0.43,0.43,0.41,0.39,0.38,0.33,0.29,0.27,0.25,0.16,0.12,0.11,0.12,0.122,0.128,0.129,0.129,0.135,0.138,0.141,0.143,0.158
                    Жаргалтхаан,42337,Хонь,40.55,36.27,41.09,42.68,40.1,44.45,39.42,29.45,30.36,33.68,33.11,37.19,37.11,37.29,35.45,33.47,33.47,33.21,34.78,36.74,38.44,38.06,35.59,31.71,25.9,26.61,26.92,30.96,34.97,39.43,40.92,40.15,39.76,42.33,45.39,51.46,57.94,66.57,66.15,68.75,67.76,71.06,79.002,85.387,89.568,98.413,108.231,120.873,121.71,118.704,115.775
                    Жаргалтхаан,42337,Ямаа,5.29,4.96,5.55,5.64,7.49,5.96,5.26,4.4,5.08,5.93,6.08,6.73,7.38,7.12,6.91,7.03,7.03,6.26,6.68,8.46,9.32,8.96,9.3,10.28,10.78,13.53,14.75,17.3,19.84,19.8,20.87,23.01,23.77,26.97,29.72,35.4,40.23,49.7,52.6,50.84,47.88,52.19,58.7,61.452,62.623,67.227,72.927,79.645,76.98,79.782,81.132
                Мөрөн,42340,Бүгд,94.86,86.69,89.52,92.87,78.14,93.46,83.25,75.5,81.11,84.5,78.8,85.58,86.16,73.73,69.02,66.71,66.71,69.37,73.75,79.97,85.41,74.85,75.29,73.71,71.79,73.22,79.4,86.54,102.91,106.03,96.72,77.39,72.69,90.1,95.88,108.17,113.62,127.14,105,108.3,114.72,121.84,143.736,154.991,153.634,156.2,174.828,191.83,179.08,192.519,197.555
                Мөрөн,42340,Адуу,14.19,12.24,11.42,11.15,8.76,11.23,10.64,9.74,9.76,9.86,8.74,8.95,9.41,8.65,8.22,7.35,7.35,7.42,7.79,8.1,8.31,8.44,8.17,9.24,9.96,11.02,12.09,13.04,14.97,15.38,14.26,11.44,9.68,10.84,11.16,11.63,11.51,11.15,7.18,6.54,6.97,7.57,9.514,11.14,11.902,12.71,14.712,15.719,14.169,14.58,15.221
                Мөрөн,42340,Үхэр,12.43,12.88,12.51,12.53,7.55,13.61,13.14,12.19,13.41,13.87,11.93,12.29,12.36,10.85,9.97,9.39,9.39,9.62,9.88,10.6,11.06,9.18,8.43,9.17,10.29,10.87,11.62,12.46,14.69,15.85,12.8,5.88,5,6.95,7.46,8.3,8.73,8.79,6.09,5.73,6.31,6.77,8.666,9.997,10.599,11.526,12.243,13.251,10.893,11.068,11.653
                Мөрөн,42340,Тэмээ,1.11,1.08,1.07,1.12,0.93,1.12,1.05,1.04,1.09,1.12,1.13,1.18,1.11,1.1,1.11,1.07,1.07,0.93,0.95,0.99,1.02,0.85,0.65,0.61,0.66,0.6,0.61,0.62,0.65,0.67,0.63,0.5,0.43,0.43,0.43,0.43,0.41,0.41,0.34,0.32,0.36,0.39,0.414,0.391,0.412,0.422,0.436,0.441,0.402,0.426,0.349
                Мөрөн,42340,Хонь,63.98,57.66,61.42,64.89,50.94,64.49,55.27,49.44,53.19,55.63,53.32,58.81,58.87,49.23,46.1,45.52,45.52,47.42,50.86,54.58,58.31,50.62,51.04,45.64,40.32,37.98,40.86,43.53,51.25,54.32,50.81,41.56,39.13,46.62,50.33,56.98,58.63,66.19,55.1,56.89,60.8,62.67,75.089,79.99,77.782,79.863,89.204,96.9,90.613,97.042,97.272
                Мөрөн,42340,Ямаа,3.16,2.84,3.1,3.19,9.96,3.02,3.15,3.09,3.66,4.02,3.68,4.35,4.41,3.9,3.62,3.39,3.39,3.98,4.28,5.69,6.71,5.77,7,9.05,10.56,12.75,14.23,16.89,21.35,19.81,18.23,18.01,18.45,25.27,26.49,30.83,34.35,40.61,36.29,38.82,40.28,44.45,50.053,53.473,52.939,51.679,58.233,65.519,63.003,69.403,73.06
                    Норовлин,42343,Бүгд,81.53,86.81,81.31,81.72,43.44,90.66,79.69,77.15,84.41,83.2,70.9,78.66,78.56,78.16,73.52,65.44,65.44,65.39,68.64,72.44,74.18,68.08,60.54,50.58,51.14,44.02,43.81,50.23,57.15,59.47,65.04,67.07,67.63,61.57,65.14,61.54,66.44,78.09,99.54,106.09,85.33,88.38,93.862,96.202,108.785,113.097,120.455,145.765,167.406,180.737,191.941
                    Норовлин,42343,Адуу,8.56,8.84,8.81,8.81,4.27,9.42,9,8.41,8.35,8.5,6.94,7.06,6.87,6.85,6.85,6.7,6.7,6.77,7.14,6.79,7.08,6.63,6.73,6.85,7.67,7.6,7.64,8.36,8.84,8.94,9.64,9.82,9.74,9.26,9.17,8.21,7.62,8.34,9.3,9.49,8.7,9.01,9.095,9.501,10.398,10.823,12.048,13.508,13.667,14.428,15.449
                    Норовлин,42343,Үхэр,11.35,11.87,11.72,11.25,11.88,11.45,10.82,10.66,10.83,10.46,9.42,9.65,9.4,9.34,8.58,7.87,7.87,7.93,8.08,8.32,8.89,8.78,9.16,7.81,8.31,7.51,7.61,8.92,10.05,11.15,11.22,9.56,8.91,7.3,7.25,6.95,7.19,7.74,9.12,10.2,9.19,9.15,10.039,10.945,12.391,13.66,13.835,16.734,19.341,21.902,25.225
                    Норовлин,42343,Тэмээ,0.94,0.99,0.91,0.89,0.27,0.86,0.81,0.82,0.84,0.86,0.76,0.8,0.76,0.72,0.7,0.62,0.62,0.62,0.63,0.58,0.59,0.53,0.57,0.61,0.61,0.55,0.51,0.55,0.55,0.55,0.55,0.5,0.5,0.44,0.4,0.34,0.3,0.27,0.26,0.21,0.17,0.12,0.11,0.088,0.089,0.081,0.084,0.095,0.095,0.1,0.14
                    Норовлин,42343,Хонь,51.34,55.38,51.28,52.4,27.02,58.49,49.97,48.57,54.7,53.87,46.62,52.57,52.69,52.54,49.11,42.82,42.82,41.63,44.08,46.85,47.65,43.21,35.9,27.98,25.94,19.71,18.98,21.57,25.1,26.24,30.18,31.61,30.98,28.06,29.96,28.63,31.39,36.25,47.62,52.54,40.52,41.68,44.766,46.182,51.63,53.106,56.152,70.12,80.527,86.194,88.923
                    Норовлин,42343,Ямаа,9.34,9.72,8.59,8.37,,10.44,9.09,8.7,9.7,9.51,7.15,8.59,8.84,8.72,8.28,7.43,7.43,8.45,8.71,9.9,9.98,8.92,8.19,7.33,8.62,8.65,9.07,10.84,12.61,12.59,13.44,15.59,17.5,16.51,18.37,17.42,19.95,25.48,33.24,33.65,26.76,28.42,29.852,29.486,34.277,35.427,38.336,45.308,53.776,58.113,62.204
                    Өмнөдэлгэр,42346,Бүгд,84.82,86.66,89.06,128.94,70.55,137.87,139.79,129.07,134.59,123.89,114.93,117.34,114.14,112.05,101.08,94.46,94.46,96.86,99.71,107.17,107.58,90.66,93.94,79.09,74.6,79.06,86.24,93.78,100.82,105.09,125.28,136.37,155.72,154.82,161.29,186.59,216.01,248.5,289.66,330.45,299.48,321.21,332.559,349.653,399.494,436.332,484.966,532.613,572.592,639.902,627.435
                    Өмнөдэлгэр,42346,Адуу,9.93,9.76,9.7,13.5,7.27,13.88,13.65,11.7,11.17,10.8,10.65,10.73,10.7,10.89,10.99,10.94,10.94,11.51,11.41,11.77,11.84,10.85,10.6,9.88,10.62,11.64,12.56,13.16,13.47,14.04,15.68,15.95,17.78,15.83,15.25,15.06,15.19,15.21,14.03,14.45,15.45,16.44,17.371,18.841,20.219,22.981,25.564,27.569,28.413,31.823,32.168
                    Өмнөдэлгэр,42346,Үхэр,15.44,15.66,16.15,21.29,8.24,23.48,23.73,22.05,22.82,21.61,20.41,19.5,19.03,17.58,16.1,15.48,15.48,14.98,13.85,14.8,15.31,13.82,14.42,13.51,13.48,14.78,16.56,17.38,18.28,18.66,21.91,20.54,20.89,18.23,17.58,18.39,19.52,20.35,21.23,22.56,21.03,21.3,22.952,25.07,28.73,32.75,36.059,39.847,40.769,44.356,43.171
                    Өмнөдэлгэр,42346,Тэмээ,1.28,1.28,1.28,1.51,0.28,1.43,1.4,1.36,1.39,1.36,1.31,1.23,1.09,1.05,0.99,0.88,0.88,0.93,0.95,1.01,1.01,0.84,0.73,0.55,0.54,0.51,0.54,0.54,0.52,0.53,0.55,0.52,0.51,0.46,0.36,0.35,0.31,0.24,0.2,0.17,0.14,0.14,0.109,0.096,0.087,0.083,0.085,0.086,0.092,0.104,0.1
                    Өмнөдэлгэр,42346,Хонь,50.63,52.26,53.86,80.73,48.8,83.66,84.91,77.62,80.79,72.55,65.28,65.96,63.83,63.18,55.08,50.29,50.29,50.17,52.42,55.82,55.67,47.28,48.67,36.9,31.86,30.94,32.51,35.39,37.6,40.86,50.23,54.77,62.77,61.54,64.29,78.52,93.13,108.84,127.37,150.65,141.26,148.86,154.59,166.164,190.593,206.856,235.356,260.701,281.232,313.112,307.71
                    Өмнөдэлгэр,42346,Ямаа,7.53,7.71,8.07,11.91,5.96,15.41,16.1,16.34,18.42,17.58,17.29,19.92,19.48,19.35,17.92,16.86,16.86,19.27,21.08,23.76,23.74,17.88,19.53,18.26,18.1,21.18,24.08,27.31,30.95,31.01,36.91,44.59,53.77,58.77,63.81,74.28,87.85,103.86,126.83,142.62,121.61,134.48,137.537,139.482,159.865,173.662,187.902,204.41,222.086,250.507,244.286
                    Цэнхэрмандал,42349,Бүгд,66.62,64.29,69.43,68.01,72.98,71.09,66,55.82,63.46,60.55,58.68,61.44,64.48,65.94,59.09,60.64,60.64,60.98,63.64,68.88,69.86,64.17,67.85,64.12,62.31,63.04,66.86,72.27,77.77,69.25,70.02,71.48,73.83,87.1,79.86,90.65,105.43,126.36,132.87,149.33,118.77,130.74,141.769,149.947,164.134,174.615,201.677,219.419,236.821,253.518,243.595
                    Цэнхэрмандал,42349,Адуу,6.94,6.66,6.52,6.73,11.21,7.51,7.02,6.22,6.14,5.78,5.36,5.25,5.32,5.16,5.1,5.26,5.26,5.48,5.56,5.83,5.84,6.15,6.21,6.3,6.84,7.28,7.67,7.93,7.73,7.75,7.66,7.25,7.43,8.04,7.78,7.67,7.64,8.52,8.62,9.25,9.36,10.25,11.262,12.271,13.387,13.848,15.936,16.129,17.736,19.929,19.629
                    Цэнхэрмандал,42349,Үхэр,7.59,7.42,7.51,7.84,10.34,8.13,7.63,6.47,6.59,6.2,6.02,5.68,6.02,6.25,5.66,5.62,5.62,5.86,5.83,6.54,6.94,7,7.44,7.36,8.05,8.86,9.97,10.82,11.24,9.05,8.74,7.75,7.38,8.24,7.36,7.77,8.62,9.92,10.22,10.31,7.55,7.74,8.865,9.905,11.662,13.152,15.364,17.383,18.504,21.02,20.982
                    Цэнхэрмандал,42349,Тэмээ,0.35,0.34,0.31,0.3,0.71,0.26,0.24,0.22,0.2,0.17,0.23,0.22,0.21,0.21,0.19,0.18,0.18,0.16,0.18,0.18,0.2,0.15,0.16,0.16,0.18,0.17,0.17,0.16,0.17,0.15,0.14,0.12,0.1,0.08,0.04,0.03,0.03,0.02,0.03,0.01,0.01,0.01,0.001,0.002,0.004,0.005,0.006,0.014,0.014,0.014,0.013
                    Цэнхэрмандал,42349,Хонь,46.33,44.57,49.2,47.08,44.75,49.38,45.67,37.99,44.85,42.83,41.69,44.37,46.49,47.31,41.17,42.2,42.2,40.99,43.74,45.78,44.64,41.27,43.27,38.81,34.52,32.1,32.44,34.12,37.49,35.11,35.26,36.24,36.84,41.94,38.92,44.55,51.53,61.83,63.46,71.9,56.9,63.76,70.837,74.604,80.934,86.75,101.88,111.13,120.496,127.235,121.751
                    Цэнхэрмандал,42349,Ямаа,5.41,5.31,5.88,6.07,5.97,5.81,5.45,4.94,5.68,5.56,5.38,5.92,6.44,7.02,6.96,7.39,7.39,8.49,8.33,10.55,12.24,9.59,10.77,11.49,12.72,14.63,16.62,19.24,21.15,17.21,18.22,20.13,22.08,28.81,25.75,30.64,37.61,46.07,50.54,57.86,44.95,48.99,50.804,53.165,58.147,60.86,68.491,74.763,80.071,85.32,81.22
                    Бор-Өндөр,42352,Бүгд,,,,,,,,,,,,,0.88,0.96,1.19,1.27,1.27,1.87,24.29,28.44,30.11,8.07,,19.08,,,,,,,,,,,,,,,,,,,50.962,62.135,74.464,74.835,77.614,83.734,75.917,83.445,81.486
                    Бор-Өндөр,42352,Адуу,,,,,,,,,,,,,0.14,0.12,0.14,0.16,0.16,0.35,1.17,1.28,1.47,0.82,,1.19,,,,,,,,,,,,,,,,,,,1.887,2.317,2.821,2.875,3.346,3.865,3.533,3.665,3.764
                    Бор-Өндөр,42352,Үхэр,,,,,,,,,,,,,0.44,0.54,0.6,0.68,0.68,0.88,5.2,5.72,6.31,1.56,,2.29,,,,,,,,,,,,,,,,,,,1.594,2.044,2.455,2.592,2.849,2.918,2.6,2.839,3.07
                    Бор-Өндөр,42352,Тэмээ,,,,,,,,,,,,,,,,,,,,,,,,0.02,,,,,,,,,,,,,,,,,,,0.064,0.08,0.097,0.112,0.112,0.083,0.062,0.066,0.053
                    Бор-Өндөр,42352,Хонь,,,,,,,,,,,,,0.17,0.14,0.26,0.2,0.2,0.26,17.78,21.21,22.01,4.14,,12.05,,,,,,,,,,,,,,,,,,,21.945,26.883,32.125,33.367,36.206,40.543,36.725,39.143,37.556
                    Бор-Өндөр,42352,Ямаа,,,,,,,,,,,,,0.14,0.16,0.18,0.23,0.23,0.38,0.14,0.23,0.31,1.55,,3.54,,,,,,,,,,,,,,,,,,,25.472,30.811,36.966,35.889,35.101,36.325,32.997,37.732,37.043
